,PLAYER_ID,PLAYER_NAME,TEAM_ID,TEAM_ABBREVIATION,AGE,PLAYER_HEIGHT,PLAYER_HEIGHT_INCHES,PLAYER_WEIGHT,COLLEGE,COUNTRY,DRAFT_YEAR,DRAFT_ROUND,DRAFT_NUMBER,GP,PTS,REB,AST,NET_RATING,OREB_PCT,DREB_PCT,USG_PCT,TS_PCT,AST_PCT
0,203932,Aaron Gordon,1610612753,ORL,24.0,6-8,80,235,Arizona,USA,2014,1,4,62,894,475,228,-1.2,0.05,0.181,0.205,0.516,0.165
1,1628988,Aaron Holiday,1610612754,IND,23.0,6-0,72,185,UCLA,USA,2018,1,23,66,627,156,225,2.2,0.013,0.077,0.182,0.521,0.188
2,1627846,Abdel Nader,1610612760,OKC,26.0,6-5,77,225,Iowa State,Egypt,2016,2,58,55,345,100,38,-4.2,0.016,0.095,0.164,0.591,0.068
3,1629690,Adam Mokoka,1610612741,CHI,21.0,6-5,77,190,None,France,Undrafted,Undrafted,Undrafted,11,32,10,4,17.1,0.057,0.029,0.11,0.538,0.043
4,1629678,Admiral Schofield,1610612764,WAS,23.0,6-5,77,241,Tennessee,United Kingdom,2019,2,42,33,99,47,15,-7.1,0.017,0.106,0.118,0.502,0.057
5,201143,Al Horford,1610612755,PHI,34.0,6-9,81,240,Florida,Dominican Republic,2007,1,3,67,798,456,270,3.3,0.051,0.171,0.173,0.536,0.187
6,202329,Al-Farouq Aminu,1610612753,ORL,29.0,6-8,80,220,Wake Forest,USA,2010,1,8,18,78,87,21,-5.4,0.053,0.158,0.127,0.395,0.088
7,202692,Alec Burks,1610612755,PHI,28.0,6-6,78,214,Colorado,USA,2011,1,12,66,993,282,189,-6.3,0.025,0.131,0.23,0.561,0.179
8,1629346,Alen Smailagic,1610612744,GSW,19.0,6-10,82,215,None,Serbia,2019,2,39,14,59,27,13,-3.0,0.077,0.11,0.175,0.61,0.133
9,1627936,Alex Caruso,1610612747,LAL,26.0,6-5,77,186,Texas A&M,USA,Undrafted,Undrafted,Undrafted,64,349,123,124,9.8,0.014,0.085,0.136,0.525,0.138
10,203458,Alex Len,1610612758,SAC,27.0,7-0,84,250,Maryland,Ukraine,2013,1,5,55,438,321,50,-5.4,0.094,0.202,0.176,0.6,0.083
11,1628035,Alfonzo McKinnie,1610612739,CLE,27.0,6-7,79,215,None,USA,Undrafted,Undrafted,Undrafted,40,182,113,14,-7.4,0.061,0.131,0.147,0.493,0.032
12,1628993,Alize Johnson,1610612754,IND,24.0,6-7,79,212,Missouri State,USA,2018,2,50,17,34,48,7,8.9,0.122,0.241,0.133,0.509,0.075
13,203459,Allen Crabbe,1610612750,MIN,28.0,6-5,77,212,California,USA,2013,2,31,37,172,77,33,-15.0,0.014,0.098,0.122,0.47,0.073
14,1629019,Allonzo Trier,1610612752,NYK,24.0,6-4,76,200,Arizona,USA,Undrafted,Undrafted,Undrafted,24,155,29,28,-11.1,0.018,0.078,0.208,0.62,0.164
15,1628518,Amile Jefferson,1610612753,ORL,27.0,6-9,81,222,Duke,USA,Undrafted,Undrafted,Undrafted,18,15,23,4,8.5,0.112,0.163,0.129,0.372,0.078
16,1629599,Amir Coffey,1610612746,LAC,23.0,6-7,79,210,None,USA,Undrafted,Undrafted,Undrafted,18,58,16,14,-0.5,0.025,0.066,0.174,0.493,0.139
17,203083,Andre Drummond,1610612739,CLE,26.0,6-10,82,279,Connecticut,USA,2012,1,9,57,1010,864,152,-5.0,0.129,0.336,0.253,0.553,0.133
18,2738,Andre Iguodala,1610612748,MIA,36.0,6-6,78,215,Arizona,USA,2004,1,9,21,96,78,51,-1.9,0.04,0.132,0.121,0.507,0.181
19,203460,Andre Roberson,1610612760,OKC,28.0,6-7,79,210,Colorado,USA,2013,1,26,7,20,27,4,-1.1,0.065,0.204,0.145,0.335,0.074
20,203952,Andrew Wiggins,1610612744,GSW,25.0,6-7,79,197,Kansas,Canada,2014,1,1,54,1175,274,198,-5.1,0.033,0.11,0.269,0.536,0.18
21,1629014,Anfernee Simons,1610612757,POR,21.0,6-3,75,181,None,USA,2018,1,24,70,579,152,97,-7.6,0.015,0.08,0.18,0.502,0.098
22,1627790,Ante Zizic,1610612739,CLE,23.0,6-10,82,266,None,Croatia,2016,1,23,22,96,66,6,1.3,0.084,0.211,0.168,0.597,0.038
23,203076,Anthony Davis,1610612747,LAL,27.0,6-10,82,253,Kentucky,USA,2012,1,1,62,1618,577,200,5.0,0.065,0.197,0.284,0.61,0.153
24,201229,Anthony Tolliver,1610612763,MEM,35.0,6-8,80,240,Creighton,USA,Undrafted,Undrafted,Undrafted,55,200,154,42,-6.0,0.035,0.13,0.108,0.513,0.064
25,1628499,Antonius Cleveland,1610612742,DAL,26.0,6-5,77,195,S.E. Missouri,USA,Undrafted,Undrafted,Undrafted,11,11,7,1,-7.8,0.037,0.122,0.159,0.34,0.034
26,1628394,Anzejs Pasecniks,1610612764,WAS,24.0,7-2,86,229,None,Latvia,2017,1,25,27,156,107,18,0.2,0.086,0.153,0.151,0.551,0.058
27,203382,Aron Baynes,1610612756,PHX,33.0,6-10,82,260,Washington State,Australia,Undrafted,Undrafted,Undrafted,42,481,237,67,-1.5,0.075,0.178,0.205,0.581,0.108
28,203085,Austin Rivers,1610612745,HOU,27.0,6-3,75,200,Duke,USA,2012,1,10,68,596,175,113,2.6,0.016,0.089,0.153,0.542,0.098
29,202340,Avery Bradley,1610612747,LAL,29.0,6-3,75,180,Texas,USA,2010,1,19,49,423,115,63,7.4,0.015,0.077,0.153,0.537,0.07
30,1629168,BJ Johnson,1610612753,ORL,24.0,6-7,79,200,None,USA,Undrafted,Undrafted,Undrafted,10,30,15,3,-8.1,0.033,0.136,0.201,0.412,0.059
31,1628389,Bam Adebayo,1610612748,MIA,22.0,6-9,81,255,Kentucky,USA,2017,1,14,72,1146,735,368,5.0,0.077,0.224,0.212,0.598,0.238
32,203463,Ben McLemore,1610612745,HOU,27.0,6-3,75,195,Kansas,USA,2013,1,7,71,715,157,58,5.0,0.012,0.079,0.157,0.622,0.05
33,1627732,Ben Simmons,1610612755,PHI,23.0,6-10,82,240,Louisiana State,Australia,2016,1,1,57,937,444,455,1.7,0.054,0.159,0.206,0.602,0.335
34,202687,Bismack Biyombo,1610612766,CHA,27.0,6-8,80,255,None,Democratic Republic of the Congo,2011,1,7,53,393,308,50,-6.6,0.112,0.178,0.168,0.57,0.079
35,201933,Blake Griffin,1610612765,DET,31.0,6-9,81,250,Oklahoma,USA,2009,1,1,18,279,84,59,-2.6,0.032,0.128,0.277,0.476,0.184
36,1626246,Boban Marjanovic,1610612742,DAL,31.0,7-4,88,290,None,Serbia,Undrafted,Undrafted,Undrafted,44,289,197,20,5.5,0.158,0.298,0.258,0.612,0.073
37,1626171,Bobby Portis,1610612752,NYK,25.0,6-10,82,250,Arkansas,USA,2015,1,22,66,668,338,98,-7.9,0.053,0.18,0.207,0.53,0.112
38,203992,Bogdan Bogdanovic,1610612758,SAC,27.0,6-6,78,220,None,Serbia,2014,1,27,61,924,207,207,-1.7,0.014,0.105,0.221,0.565,0.184
39,202711,Bojan Bogdanovic,1610612762,UTA,31.0,6-8,80,226,None,Croatia,2011,2,31,63,1275,259,131,5.5,0.02,0.1,0.252,0.603,0.099
40,1629626,Bol Bol,1610612743,DEN,20.0,7-2,86,220,Oregon,Sudan,2019,2,44,7,40,19,6,-9.8,0.057,0.171,0.206,0.617,0.103
41,202954,Brad Wanamaker,1610612738,BOS,30.0,6-3,75,210,Pittsburgh,USA,Undrafted,Undrafted,Undrafted,71,487,144,179,5.0,0.016,0.082,0.152,0.577,0.181
42,203078,Bradley Beal,1610612764,WAS,27.0,6-3,75,207,Florida,USA,2012,1,3,57,1741,242,347,-4.5,0.024,0.095,0.338,0.579,0.285
43,1629634,Brandon Clarke,1610612763,MEM,23.0,6-8,80,215,Gonzaga,Canada,2019,1,21,58,700,345,81,-0.1,0.067,0.177,0.18,0.663,0.092
44,1629164,Brandon Goodwin,1610612737,ATL,24.0,6-0,72,180,None,USA,Undrafted,Undrafted,Undrafted,34,206,72,51,-13.8,0.023,0.132,0.22,0.507,0.208
45,1627742,Brandon Ingram,1610612740,NOP,22.0,6-7,79,190,Duke,USA,2016,1,2,62,1477,380,259,-1.3,0.023,0.144,0.275,0.587,0.192
46,202688,Brandon Knight,1610612765,DET,28.0,6-2,74,182,Kentucky,USA,2011,1,8,25,183,41,69,-7.6,0.009,0.093,0.207,0.503,0.216
47,1628968,Brian Bowen II,1610612754,IND,21.0,6-6,78,190,None,USA,Undrafted,Undrafted,Undrafted,6,6,7,0,15.7,0.032,0.162,0.143,0.3,0.0
48,201572,Brook Lopez,1610612749,MIL,32.0,7-0,84,282,Stanford,USA,2008,1,10,68,813,312,99,12.0,0.031,0.118,0.181,0.551,0.073
49,1628971,Bruce Brown,1610612765,DET,23.0,6-4,76,202,Miami,USA,2018,2,42,58,517,274,230,-4.3,0.038,0.131,0.159,0.518,0.208
50,203998,Bruno Caboclo,1610612745,HOU,24.0,6-9,81,218,None,Brazil,2014,1,20,30,90,60,12,-5.1,0.081,0.145,0.17,0.484,0.076
51,1628981,Bruno Fernando,1610612737,ATL,21.0,6-9,81,240,Maryland,Angola,2019,2,34,56,240,198,49,-5.6,0.085,0.179,0.147,0.542,0.101
52,1627854,Bryn Forbes,1610612759,SAS,26.0,6-2,74,205,Michigan State,USA,Undrafted,Undrafted,Undrafted,63,707,126,108,-6.8,0.007,0.071,0.185,0.57,0.097
53,1627741,Buddy Hield,1610612758,SAC,27.0,6-4,76,220,Oklahoma,Bahamas,2016,1,6,72,1382,328,213,-3.1,0.025,0.124,0.263,0.566,0.153
54,203468,CJ McCollum,1610612757,POR,28.0,6-3,75,190,Lehigh,USA,2013,1,10,70,1556,297,310,0.5,0.017,0.09,0.257,0.541,0.185
55,101139,CJ Miles,1610612764,WAS,33.0,6-6,78,220,None,USA,2005,2,34,10,64,12,12,-1.3,0.021,0.05,0.169,0.472,0.091
56,1628997,Caleb Martin,1610612766,CHA,24.0,6-5,77,205,None,USA,Undrafted,Undrafted,Undrafted,18,111,38,23,0.8,0.03,0.086,0.152,0.595,0.122
57,1628403,Caleb Swanigan,1610612757,POR,23.0,6-9,81,260,Purdue,USA,2017,1,26,27,65,100,31,-6.5,0.099,0.248,0.132,0.597,0.138
58,1629629,Cam Reddish,1610612737,ATL,20.0,6-8,80,218,Duke,USA,2019,1,10,58,610,216,87,-6.3,0.021,0.11,0.185,0.5,0.079
59,1629661,Cameron Johnson,1610612756,PHX,24.0,6-8,80,210,North Carolina,USA,2019,1,11,57,504,187,69,1.0,0.037,0.109,0.151,0.586,0.078
60,1626166,Cameron Payne,1610612756,PHX,25.0,6-1,73,183,Murray State,USA,2015,1,14,8,87,31,24,23.1,0.023,0.131,0.182,0.612,0.182
61,1627747,Caris LeVert,1610612751,BKN,25.0,6-6,78,205,Michigan,USA,2016,1,20,45,842,189,199,0.2,0.034,0.096,0.284,0.514,0.242
62,2546,Carmelo Anthony,1610612757,POR,36.0,6-8,80,238,Syracuse,USA,2003,1,3,58,895,368,85,0.6,0.036,0.145,0.214,0.525,0.063
63,1629035,Carsen Edwards,1610612738,BOS,22.0,5-11,71,200,Purdue,USA,2019,2,33,37,121,47,24,-5.5,0.014,0.107,0.171,0.444,0.111
64,1626224,Cedi Osman,1610612739,CLE,25.0,6-7,79,230,None,Turkey,2015,2,31,65,718,231,154,-9.0,0.02,0.103,0.162,0.552,0.115
65,1628990,Chandler Hutchison,1610612741,CHI,24.0,6-7,79,210,Boise State,USA,2018,1,22,28,218,108,26,-11.9,0.032,0.18,0.183,0.521,0.077
66,202718,Chandler Parsons,1610612737,ATL,31.0,6-9,81,230,Florida,USA,2011,2,38,5,14,7,3,-29.0,0.015,0.12,0.15,0.389,0.1
67,1629718,Charles Brown Jr.,1610612737,ATL,23.0,6-6,78,199,None,USA,Undrafted,Undrafted,Undrafted,10,20,4,2,33.9,0.04,0.048,0.231,0.472,0.077
68,1626184,Chasson Randle,1610612744,GSW,27.0,6-2,74,185,Stanford,USA,Undrafted,Undrafted,Undrafted,3,5,2,5,-2.0,0.0,0.053,0.08,0.377,0.161
69,1627767,Cheick Diallo,1610612756,PHX,23.0,6-8,80,219,Kansas,Mali,2016,2,33,47,219,131,22,-3.8,0.063,0.208,0.169,0.688,0.076
70,1629002,Chimezie Metu,1610612759,SAS,23.0,6-9,81,225,USC,USA,2018,2,49,18,58,33,10,-6.7,0.103,0.186,0.218,0.608,0.164
71,1628449,Chris Boucher,1610612761,TOR,27.0,6-9,81,200,Oregon,Canada,Undrafted,Undrafted,Undrafted,62,411,277,26,5.7,0.121,0.185,0.185,0.587,0.049
72,1629185,Chris Chiozza,1610612751,BKN,24.0,5-11,71,175,Florida,USA,Undrafted,Undrafted,Undrafted,28,142,53,83,9.3,0.02,0.102,0.175,0.499,0.295
73,1629598,Chris Clemons,1610612745,HOU,22.0,5-9,69,180,None,USA,Undrafted,Undrafted,Undrafted,33,161,30,27,-8.8,0.012,0.08,0.235,0.548,0.162
74,101108,Chris Paul,1610612760,OKC,35.0,6-1,73,175,Wake Forest,USA,2005,1,4,70,1232,349,472,6.9,0.012,0.143,0.228,0.61,0.324
75,1629735,Chris Silva,1610612748,MIA,23.0,6-8,80,234,South Carolina,Gabon,Undrafted,Undrafted,Undrafted,44,133,126,23,-6.0,0.162,0.184,0.155,0.651,0.103
76,1626174,Christian Wood,1610612765,DET,24.0,6-10,82,214,UNLV,USA,Undrafted,Undrafted,Undrafted,62,810,390,60,2.0,0.079,0.214,0.223,0.659,0.074
77,203991,Clint Capela,1610612737,ATL,26.0,6-10,82,240,None,Switzerland,2014,1,25,39,543,537,48,2.5,0.118,0.265,0.156,0.626,0.056
78,1629632,Coby White,1610612741,CHI,20.0,6-4,76,195,North Carolina,USA,2019,1,7,65,859,230,175,-4.4,0.015,0.128,0.235,0.506,0.162
79,1628998,Cody Martin,1610612766,CHA,24.0,6-5,77,205,Nevada-Reno,USA,2019,2,36,48,238,158,95,-3.2,0.039,0.14,0.131,0.505,0.154
80,203469,Cody Zeller,1610612766,CHA,27.0,7-0,84,240,Indiana,USA,2013,1,4,58,642,411,88,-8.3,0.11,0.197,0.201,0.576,0.111
81,1629012,Collin Sexton,1610612739,CLE,21.0,6-1,73,190,Alabama,USA,2018,1,8,65,1349,204,192,-9.2,0.028,0.069,0.264,0.56,0.146
82,201147,Corey Brewer,1610612758,SAC,34.0,6-9,81,188,Florida,USA,2007,1,7,5,5,8,2,11.2,0.061,0.2,0.085,0.47,0.063
83,202709,Cory Joseph,1610612758,SAC,28.0,6-3,75,200,Texas,Canada,2011,1,29,72,458,188,251,-0.3,0.024,0.082,0.127,0.517,0.199
84,201584,Courtney Lee,1610612742,DAL,34.0,6-5,77,215,Western Kentucky,USA,2008,1,22,24,107,32,12,6.7,0.019,0.07,0.116,0.629,0.044
85,1626245,Cristiano Felicio,1610612741,CHI,27.0,6-10,82,270,None,Brazil,Undrafted,Undrafted,Undrafted,22,86,102,16,-7.7,0.144,0.139,0.088,0.671,0.053
86,1626156,D'Angelo Russell,1610612750,MIN,24.0,6-4,76,193,Ohio State,USA,2015,1,2,45,1039,177,285,-8.1,0.011,0.107,0.305,0.556,0.327
87,201571,D.J. Augustin,1610612753,ORL,32.0,5-11,71,183,Texas,USA,2008,1,9,57,599,122,262,1.5,0.015,0.067,0.184,0.554,0.281
88,1628391,D.J. Wilson,1610612749,MIL,24.0,6-10,82,231,Michigan,USA,2017,1,17,37,133,92,25,-6.3,0.031,0.181,0.175,0.475,0.104
89,1629610,DaQuan Jeffries,1610612758,SAC,22.0,6-5,77,230,None,USA,Undrafted,Undrafted,Undrafted,13,50,18,7,3.0,0.021,0.105,0.129,0.586,0.06
90,1627745,Damian Jones,1610612737,ATL,25.0,6-11,83,245,Vanderbilt,USA,2016,1,30,55,306,206,35,-12.6,0.08,0.153,0.113,0.712,0.057
91,203081,Damian Lillard,1610612757,POR,29.0,6-2,74,195,Weber State,USA,2012,1,6,66,1978,284,530,1.4,0.013,0.092,0.294,0.627,0.335
92,1627814,Damion Lee,1610612744,GSW,27.0,6-5,77,210,Louisville,USA,Undrafted,Undrafted,Undrafted,49,621,239,133,-4.1,0.021,0.144,0.184,0.548,0.139
93,1628422,Damyean Dotson,1610612752,NYK,26.0,6-5,77,210,Houston,USA,2017,2,44,48,321,91,57,-5.3,0.011,0.091,0.158,0.527,0.105
94,1629655,Daniel Gafford,1610612741,CHI,21.0,6-10,82,234,Arkansas,USA,2019,2,38,43,220,106,21,-1.9,0.081,0.092,0.131,0.686,0.051
95,1628464,Daniel Theis,1610612738,BOS,28.0,6-8,80,245,None,Germany,Undrafted,Undrafted,Undrafted,65,601,426,111,7.0,0.086,0.172,0.144,0.631,0.104
96,201568,Danilo Gallinari,1610612760,OKC,31.0,6-10,82,233,None,Italy,2008,1,6,62,1160,322,119,5.7,0.02,0.157,0.242,0.612,0.099
97,201980,Danny Green,1610612747,LAL,33.0,6-6,78,215,North Carolina,USA,2009,2,46,68,547,225,91,6.4,0.03,0.1,0.135,0.552,0.069
98,203957,Dante Exum,1610612739,CLE,24.0,6-5,77,214,None,Australia,2014,1,5,35,159,67,40,-8.8,0.024,0.109,0.145,0.576,0.124
99,1627863,Danuel House Jr.,1610612745,HOU,27.0,6-6,78,220,Texas A&M,USA,Undrafted,Undrafted,Undrafted,63,662,267,85,3.3,0.027,0.101,0.135,0.572,0.061
100,203967,Dario Saric,1610612756,PHX,26.0,6-10,82,225,None,Croatia,2014,1,12,66,704,406,123,-1.2,0.06,0.186,0.174,0.592,0.105
101,1629647,Darius Bazley,1610612760,OKC,20.0,6-8,80,208,None,USA,2019,1,23,61,342,246,41,-3.2,0.025,0.172,0.146,0.497,0.054
102,1629636,Darius Garland,1610612739,CLE,20.0,6-1,73,192,Vanderbilt,USA,2019,1,5,59,728,111,229,-8.7,0.014,0.046,0.201,0.498,0.182
103,1629133,Daryl Macon,1610612748,MIA,24.0,6-2,74,185,Arkansas,USA,Undrafted,Undrafted,Undrafted,4,3,0,1,7.6,0.0,0.0,0.167,0.5,0.143
104,1628021,David Nwaba,1610612745,HOU,27.0,6-5,77,219,None,USA,Undrafted,Undrafted,Undrafted,20,104,45,8,7.2,0.027,0.109,0.139,0.627,0.046
105,202722,Davis Bertans,1610612764,WAS,27.0,6-10,82,225,None,Latvia,2011,2,42,54,834,245,92,-0.3,0.021,0.13,0.183,0.628,0.081
106,1628368,De'Aaron Fox,1610612758,SAC,22.0,6-3,75,185,Kentucky,USA,2017,1,5,51,1077,196,348,-4.0,0.021,0.099,0.29,0.558,0.336
107,1629631,De'Andre Hunter,1610612737,ATL,22.0,6-7,79,225,Virginia,USA,2019,1,4,63,778,286,112,-5.5,0.021,0.116,0.173,0.521,0.079
108,1629001,De'Anthony Melton,1610612763,MEM,22.0,6-2,74,200,USC,USA,2018,2,46,60,455,220,175,5.1,0.035,0.137,0.185,0.501,0.196
109,201599,DeAndre Jordan,1610612751,BKN,31.0,6-11,83,265,Texas A&M,USA,2008,2,35,56,465,561,105,-1.8,0.105,0.293,0.136,0.682,0.132
110,1627761,DeAndre' Bembry,1610612737,ATL,25.0,6-5,77,210,St. Joseph's (PA),USA,2016,1,21,43,249,152,81,-11.8,0.034,0.123,0.137,0.5,0.13
111,201942,DeMar DeRozan,1610612759,SAS,30.0,6-6,78,220,USC,USA,2009,1,9,68,1504,375,380,-1.8,0.019,0.139,0.262,0.603,0.261
112,201960,DeMarre Carroll,1610612745,HOU,33.0,6-6,78,215,Missouri,USA,2009,1,27,24,87,55,25,0.0,0.042,0.138,0.148,0.515,0.116
113,1629731,Dean Wade,1610612739,CLE,23.0,6-9,81,228,Kansas State,USA,Undrafted,Undrafted,Undrafted,12,20,19,2,-6.5,0.038,0.213,0.091,0.744,0.039
114,1629028,Deandre Ayton,1610612756,PHX,21.0,6-11,83,250,Arizona,Bahamas,2018,1,1,38,690,436,72,4.0,0.12,0.225,0.231,0.568,0.091
115,1627749,Dejounte Murray,1610612759,SAS,23.0,6-4,76,180,Washington,USA,2016,1,29,66,720,383,271,-4.2,0.04,0.184,0.207,0.524,0.232
116,1626153,Delon Wright,1610612742,DAL,28.0,6-5,77,185,Utah,USA,2015,1,20,73,504,280,244,1.7,0.04,0.124,0.14,0.554,0.215
117,203471,Dennis Schroder,1610612760,OKC,26.0,6-1,73,172,None,Germany,2013,1,17,65,1229,236,262,5.5,0.01,0.099,0.262,0.575,0.222
118,1628372,Dennis Smith Jr.,1610612752,NYK,22.0,6-2,74,205,North Carolina State,USA,2017,1,9,34,187,78,98,-17.1,0.034,0.102,0.223,0.399,0.297
119,1627756,Denzel Valentine,1610612741,CHI,26.0,6-4,76,220,Michigan State,USA,2016,1,14,36,246,74,43,-5.0,0.016,0.138,0.229,0.511,0.147
120,1629126,Deonte Burton,1610612760,OKC,26.0,6-4,76,240,Iowa State,USA,Undrafted,Undrafted,Undrafted,39,104,57,17,-12.7,0.017,0.119,0.173,0.396,0.076
121,202324,Derrick Favors,1610612740,NOP,28.0,6-9,81,265,Georgia Tech,USA,2010,1,3,51,459,501,81,4.2,0.121,0.249,0.135,0.62,0.087
122,1627884,Derrick Jones Jr.,1610612748,MIA,23.0,6-6,78,210,UNLV,USA,Undrafted,Undrafted,Undrafted,59,500,233,62,-0.5,0.049,0.115,0.135,0.62,0.068
123,201565,Derrick Rose,1610612765,DET,31.0,6-2,74,200,Memphis,USA,2008,1,1,50,904,121,278,-3.4,0.021,0.071,0.303,0.555,0.373
124,1628476,Derrick Walton Jr.,1610612765,DET,25.0,6-0,72,185,Michigan,USA,Undrafted,Undrafted,Undrafted,26,53,16,27,-0.9,0.007,0.054,0.079,0.617,0.155
125,1628401,Derrick White,1610612759,SAS,25.0,6-4,76,190,Colorado,USA,2017,1,29,68,765,223,241,1.0,0.02,0.105,0.183,0.593,0.203
126,1626164,Devin Booker,1610612756,PHX,23.0,6-5,77,206,Kentucky,USA,2015,1,13,70,1863,297,456,2.7,0.012,0.106,0.294,0.618,0.288
127,1628985,Devon Hall,1610612760,OKC,24.0,6-5,77,215,Virginia,USA,2018,2,53,11,20,7,13,3.8,0.019,0.06,0.182,0.298,0.217
128,1629719,Devontae Cacok,1610612747,LAL,23.0,6-8,80,240,UNC-Wilmington,USA,Undrafted,Undrafted,Undrafted,1,6,5,1,22.7,0.167,0.333,0.222,0.5,0.125
129,1628984,Devonte' Graham,1610612766,CHA,25.0,6-1,73,195,Kansas,USA,2018,2,34,63,1145,212,471,-4.5,0.018,0.078,0.243,0.537,0.345
130,1629608,Dewan Hernandez,1610612761,TOR,23.0,6-10,82,235,Miami,USA,2019,2,59,6,14,14,3,17.2,0.172,0.265,0.257,0.432,0.125
131,203473,Dewayne Dedmon,1610612737,ATL,30.0,7-0,84,245,USC,USA,Undrafted,Undrafted,Undrafted,44,256,249,22,-0.7,0.075,0.241,0.179,0.473,0.041
132,1628415,Dillon Brooks,1610612763,MEM,24.0,6-7,79,225,Oregon,Canada,2017,2,45,73,1181,243,150,-0.3,0.03,0.076,0.247,0.51,0.104
133,203079,Dion Waiters,1610612747,LAL,28.0,6-3,75,210,Syracuse,USA,2012,1,4,10,111,24,20,7.8,0.009,0.102,0.243,0.521,0.156
134,1627734,Domantas Sabonis,1610612754,IND,24.0,6-11,83,240,Gonzaga,Lithuania,2016,1,11,62,1147,771,310,3.1,0.089,0.262,0.229,0.586,0.215
135,1628378,Donovan Mitchell,1610612762,UTA,23.0,6-1,73,215,Louisville,USA,2017,1,13,69,1655,304,294,2.6,0.023,0.101,0.303,0.558,0.214
136,1629743,Donta Hall,1610612751,BKN,22.0,6-9,81,229,None,USA,Undrafted,Undrafted,Undrafted,9,39,38,4,-12.0,0.093,0.197,0.109,0.652,0.048
137,1628978,Donte DiVincenzo,1610612749,MIL,23.0,6-4,76,203,Villanova,USA,2018,1,17,66,610,318,154,12.2,0.041,0.14,0.168,0.557,0.134
138,1627827,Dorian Finney-Smith,1610612742,DAL,27.0,6-7,79,220,Florida,USA,Undrafted,Undrafted,Undrafted,71,678,405,114,6.5,0.066,0.113,0.128,0.595,0.073
139,203926,Doug McDermott,1610612754,IND,28.0,6-7,79,225,Creighton,USA,2014,1,11,69,710,174,78,3.2,0.018,0.098,0.186,0.62,0.081
140,1627733,Dragan Bender,1610612744,GSW,22.0,7-0,84,249,None,Croatia,2016,1,4,16,107,73,28,1.1,0.06,0.183,0.18,0.545,0.142
141,203110,Draymond Green,1610612744,GSW,30.0,6-6,78,230,Michigan State,USA,2012,2,35,43,345,266,266,-7.2,0.018,0.192,0.156,0.489,0.31
142,1629234,Drew Eubanks,1610612759,SAS,23.0,6-9,81,245,None,USA,Undrafted,Undrafted,Undrafted,22,107,85,15,-11.0,0.099,0.203,0.15,0.682,0.089
143,1629130,Duncan Robinson,1610612748,MIA,26.0,6-7,79,215,Michigan,USA,Undrafted,Undrafted,Undrafted,73,983,232,102,7.5,0.005,0.099,0.157,0.684,0.068
144,1628605,Dusty Hannahs,1610612763,MEM,26.0,6-3,75,210,Arkansas,USA,Undrafted,Undrafted,Undrafted,2,12,1,0,17.2,0.0,0.063,0.286,0.607,0.0
145,1628407,Dwayne Bacon,1610612766,CHA,24.0,6-6,78,221,Florida State,USA,2017,2,40,39,224,100,52,-8.2,0.02,0.124,0.189,0.419,0.121
146,2730,Dwight Howard,1610612747,LAL,34.0,6-10,82,265,None,USA,2004,1,1,69,517,507,45,5.9,0.128,0.257,0.146,0.696,0.048
147,203939,Dwight Powell,1610612742,DAL,28.0,6-10,82,240,Stanford,Canada,2014,2,45,40,376,227,59,8.9,0.071,0.132,0.126,0.677,0.076
148,1629058,Dzanan Musa,1610612751,BKN,21.0,6-9,81,217,None,Bosnia and Herzegovina,2018,1,29,40,192,86,43,-2.5,0.039,0.117,0.193,0.484,0.131
149,202734,E'Twaun Moore,1610612740,NOP,31.0,6-3,75,191,Purdue,USA,2011,2,55,56,466,131,78,-2.2,0.027,0.095,0.196,0.51,0.11
150,202334,Ed Davis,1610612762,UTA,31.0,6-9,81,218,North Carolina,USA,2010,1,13,28,51,105,12,-15.2,0.107,0.234,0.092,0.489,0.062
151,1628410,Edmond Sumner,1610612754,IND,24.0,6-4,76,196,Xavier,USA,2017,2,52,31,152,46,55,-2.6,0.024,0.073,0.167,0.491,0.167
152,203901,Elfrid Payton,1610612752,NYK,26.0,6-3,75,195,Louisana-Lafayette,USA,2014,1,10,45,449,212,323,-3.0,0.039,0.126,0.19,0.47,0.347
153,1629059,Elie Okobo,1610612756,PHX,22.0,6-3,75,190,None,France,2018,2,31,55,219,90,115,-3.2,0.022,0.102,0.147,0.516,0.227
154,1626144,Emmanuel Mudiay,1610612762,UTA,24.0,6-3,75,200,None,Democratic Republic of the Congo,2015,1,7,54,395,126,116,-2.0,0.021,0.117,0.218,0.543,0.212
155,202683,Enes Kanter,1610612738,BOS,28.0,6-10,82,250, ,Turkey,2011,1,3,58,469,431,56,9.9,0.158,0.257,0.186,0.599,0.084
156,202339,Eric Bledsoe,1610612749,MIL,30.0,6-1,73,214,Kentucky,USA,2010,1,18,61,911,282,328,11.8,0.025,0.121,0.233,0.571,0.275
157,201569,Eric Gordon,1610612745,HOU,31.0,6-3,75,215,Indiana,USA,2008,1,7,36,520,71,54,0.4,0.008,0.056,0.215,0.51,0.08
158,1628450,Eric Mika,1610612758,SAC,25.0,6-10,82,233,None,USA,Undrafted,Undrafted,Undrafted,1,6,7,0,19.5,0.111,0.263,0.089,0.773,0.0
159,1629672,Eric Paschall,1610612744,GSW,23.0,6-6,78,255,Villanova,USA,2019,2,41,60,837,275,127,-10.6,0.047,0.116,0.207,0.571,0.126
160,101141,Ersan Ilyasova,1610612749,MIL,33.0,6-9,81,235,None,Turkey,2005,2,36,63,414,302,49,4.2,0.059,0.212,0.158,0.589,0.065
161,203095,Evan Fournier,1610612753,ORL,27.0,6-7,79,205,None,France,2012,1,20,66,1221,171,209,-1.8,0.008,0.074,0.237,0.595,0.16
162,202323,Evan Turner,1610612750,MIN,31.0,6-6,78,220,Ohio State,USA,2010,1,2,19,62,38,38,-11.4,0.028,0.107,0.154,0.424,0.235
163,1628402,Frank Jackson,1610612740,NOP,22.0,6-3,75,205,Duke,USA,2017,2,31,59,371,83,61,-3.4,0.025,0.07,0.203,0.51,0.107
164,1626163,Frank Kaminsky,1610612756,PHX,27.0,7-0,84,240,Wisconsin,USA,2015,1,9,39,378,176,75,-1.0,0.043,0.179,0.204,0.545,0.144
165,1628412,Frank Mason,1610612749,MIL,26.0,5-11,71,190,Kansas,USA,2017,2,34,9,62,19,29,-1.8,0.034,0.097,0.228,0.53,0.372
166,1628373,Frank Ntilikina,1610612752,NYK,21.0,6-4,76,200,None,France,2017,1,8,57,357,121,172,-3.9,0.018,0.082,0.152,0.497,0.209
167,1627832,Fred VanVleet,1610612761,TOR,26.0,6-1,73,197,Wichita State,USA,Undrafted,Undrafted,Undrafted,54,952,203,357,4.8,0.009,0.088,0.218,0.553,0.281
168,1627788,Furkan Korkmaz,1610612755,PHI,22.0,6-7,79,202,None,Turkey,2016,1,26,72,704,168,79,2.7,0.011,0.093,0.177,0.579,0.073
169,1629216,Gabe Vincent,1610612748,MIA,24.0,6-3,75,200,Cal-Santa Barbara,USA,Undrafted,Undrafted,Undrafted,9,22,5,6,-15.9,0.0,0.053,0.196,0.297,0.12
170,202066,Garrett Temple,1610612751,BKN,34.0,6-5,77,195,Louisiana State,USA,Undrafted,Undrafted,Undrafted,62,641,218,156,-1.4,0.015,0.096,0.162,0.513,0.132
171,1629726,Garrison Mathews,1610612764,WAS,23.0,6-5,77,215,None,USA,Undrafted,Undrafted,Undrafted,18,98,24,10,7.1,0.025,0.075,0.137,0.691,0.063
172,1629109,Gary Clark,1610612753,ORL,25.0,6-6,78,225,Cincinnati,USA,Undrafted,Undrafted,Undrafted,42,156,110,17,-5.1,0.058,0.116,0.105,0.568,0.043
173,203914,Gary Harris,1610612743,DEN,25.0,6-4,76,210,Michigan State,USA,2014,1,19,56,581,163,118,3.4,0.015,0.077,0.15,0.519,0.091
174,1627780,Gary Payton II,1610612764,WAS,27.0,6-3,75,195,Oregon State,USA,Undrafted,Undrafted,Undrafted,29,113,80,48,-14.3,0.053,0.127,0.129,0.473,0.158
175,1629018,Gary Trent Jr.,1610612757,POR,21.0,6-5,77,209,Duke,USA,2018,2,37,61,541,100,61,-1.4,0.017,0.052,0.15,0.587,0.064
176,201588,George Hill,1610612749,MIL,34.0,6-3,75,188,Indiana-Purdue Indianapolis,USA,2008,1,26,59,554,177,180,10.6,0.038,0.086,0.152,0.659,0.196
177,1627777,Georges Niang,1610612762,UTA,27.0,6-7,79,230,Iowa State,USA,2016,2,50,66,392,127,44,-1.1,0.015,0.117,0.163,0.589,0.069
178,203507,Giannis Antetokounmpo,1610612749,MIL,25.0,6-11,83,242,None,Greece,2013,1,15,63,1857,856,354,15.4,0.068,0.307,0.363,0.613,0.328
179,203922,Glenn Robinson III,1610612755,PHI,26.0,6-6,78,222,Michigan,USA,2014,2,40,62,727,270,96,-7.8,0.043,0.106,0.16,0.577,0.081
180,1629048,Goga Bitadze,1610612754,IND,20.0,6-11,83,250,None,Georgia,2019,1,18,54,172,106,23,-1.4,0.052,0.146,0.17,0.523,0.066
181,201609,Goran Dragic,1610612748,MIA,34.0,6-3,75,190,None,Slovenia,2008,2,45,59,953,187,301,3.5,0.017,0.09,0.248,0.573,0.297
182,202330,Gordon Hayward,1610612738,BOS,30.0,6-7,79,225,Butler,USA,2010,1,9,52,909,348,212,8.5,0.031,0.159,0.206,0.595,0.178
183,203476,Gorgui Dieng,1610612763,MEM,30.0,6-10,82,252,Louisville,Senegal,2013,1,21,63,464,354,73,-3.6,0.074,0.221,0.175,0.568,0.107
184,1629684,Grant Williams,1610612738,BOS,21.0,6-6,78,236,Tennessee,USA,2019,1,22,69,237,178,68,6.3,0.053,0.106,0.112,0.505,0.085
185,1628960,Grayson Allen,1610612763,MEM,24.0,6-4,76,198,Duke,USA,2018,1,21,38,330,85,52,-6.0,0.01,0.103,0.171,0.609,0.104
186,1628977,Hamidou Diallo,1610612760,OKC,21.0,6-5,77,202,Kentucky,USA,2018,2,45,46,318,167,36,0.9,0.046,0.124,0.173,0.491,0.06
187,203084,Harrison Barnes,1610612758,SAC,28.0,6-8,80,225,North Carolina,USA,2012,1,7,72,1046,355,159,-2.5,0.03,0.111,0.172,0.574,0.092
188,1628385,Harry Giles III,1610612758,SAC,22.0,6-11,83,240,Duke,USA,2017,1,20,46,316,188,60,-8.2,0.065,0.241,0.206,0.58,0.135
189,202355,Hassan Whiteside,1610612757,POR,31.0,7-0,84,265,Marshall,USA,2010,2,33,67,1040,905,78,2.7,0.123,0.294,0.192,0.644,0.058
190,1627740,Henry Ellenson,1610612751,BKN,23.0,6-10,82,240,Marquette,USA,2016,1,18,5,2,6,1,27.3,0.111,0.19,0.159,0.143,0.125
191,101133,Ian Mahinmi,1610612764,WAS,33.0,6-11,83,262,None,France,2005,1,28,38,283,218,49,-4.5,0.089,0.176,0.154,0.545,0.084
192,1629649,Ignas Brazdeikis,1610612752,NYK,21.0,6-6,78,221,Michigan,Lithuania,2019,2,47,9,17,5,4,-7.1,0.036,0.068,0.218,0.351,0.114
193,202697,Iman Shumpert,1610612751,BKN,30.0,6-5,77,212,Georgia Tech,USA,2011,1,17,13,54,34,12,-9.0,0.035,0.092,0.134,0.403,0.078
194,1629067,Isaac Bonga,1610612764,WAS,20.0,6-8,80,180,None,Germany,2018,2,39,66,330,222,76,-0.4,0.052,0.121,0.106,0.608,0.081
195,1628392,Isaiah Hartenstein,1610612745,HOU,22.0,7-0,84,250,None,Germany,2017,2,43,23,107,90,18,8.7,0.107,0.2,0.144,0.674,0.095
196,1629676,Isaiah Roby,1610612760,OKC,22.0,6-8,80,230,University of Nebraska-Lincoln,USA,2019,2,45,3,0,2,0,-11.5,0.0,0.167,0.071,0.0,0.0
197,202738,Isaiah Thomas,1610612764,WAS,31.0,5-9,69,185,Washington,USA,2011,2,60,40,488,68,146,-10.4,0.011,0.063,0.236,0.531,0.224
198,202397,Ish Smith,1610612764,WAS,31.0,6-0,72,175,Wake Forest,USA,Undrafted,Undrafted,Undrafted,68,740,219,334,-3.9,0.015,0.103,0.186,0.509,0.266
199,1627826,Ivica Zubac,1610612746,LAC,23.0,7-0,84,240,None,Croatia,2016,2,32,72,596,543,82,8.9,0.14,0.24,0.163,0.651,0.091
200,200826,J.J. Barea,1610612742,DAL,36.0,5-10,70,180,Northeastern,Puerto Rico,Undrafted,Undrafted,Undrafted,29,222,53,112,2.9,0.022,0.097,0.245,0.512,0.365
201,1629122,J.P. Macura,1610612739,CLE,25.0,6-4,76,203,Xavier,USA,Undrafted,Undrafted,Undrafted,1,0,0,0,150.0,0.0,0.0,0.0,0.0,0.0
202,200755,JJ Redick,1610612740,NOP,36.0,6-3,75,200,Duke,USA,2006,1,11,60,917,151,119,-1.0,0.006,0.083,0.197,0.644,0.107
203,2747,JR Smith,1610612747,LAL,34.0,6-6,78,220,None,USA,2004,1,18,6,17,5,3,-16.7,0.0,0.06,0.144,0.372,0.056
204,1629630,Ja Morant,1610612763,MEM,20.0,6-3,75,174,Murray State,USA,2019,1,2,67,1193,259,488,-0.6,0.024,0.09,0.256,0.556,0.354
205,203960,JaKarr Sampson,1610612754,IND,27.0,6-7,79,214,"St. John's, N.Y.",USA,Undrafted,Undrafted,Undrafted,34,156,88,21,1.9,0.042,0.141,0.126,0.615,0.058
206,203210,JaMychal Green,1610612746,LAC,30.0,6-8,80,227,Alabama,USA,Undrafted,Undrafted,Undrafted,63,430,388,49,5.0,0.055,0.209,0.132,0.576,0.051
207,201580,JaVale McGee,1610612747,LAL,32.0,7-0,84,270,Nevada-Reno,USA,2008,1,18,68,446,390,37,5.8,0.111,0.218,0.145,0.652,0.044
208,203953,Jabari Parker,1610612758,SAC,25.0,6-8,80,245,Duke,USA,2014,1,2,38,531,214,68,-4.9,0.065,0.17,0.233,0.571,0.11
209,1628980,Jacob Evans,1610612750,MIN,23.0,6-4,76,210,Cincinnati,USA,2018,1,28,29,128,41,31,-11.0,0.019,0.077,0.167,0.436,0.12
210,203109,Jae Crowder,1610612748,MIA,29.0,6-6,78,235,Marquette,USA,2012,2,34,65,684,384,161,-2.9,0.026,0.169,0.152,0.553,0.117
211,1626143,Jahlil Okafor,1610612740,NOP,24.0,6-10,82,270,Duke,USA,2015,1,3,30,243,127,37,-10.1,0.094,0.164,0.195,0.642,0.121
212,1627774,Jake Layman,1610612750,MIN,26.0,6-8,80,209,Maryland,USA,2016,2,47,23,210,57,15,2.0,0.03,0.075,0.165,0.544,0.041
213,1627751,Jakob Poeltl,1610612759,SAS,24.0,7-1,85,245,Utah,Austria,2016,1,9,66,372,375,116,5.7,0.108,0.194,0.125,0.612,0.126
214,1628973,Jalen Brunson,1610612742,DAL,23.0,6-1,73,190,Villanova,USA,2018,2,33,57,466,134,188,7.6,0.021,0.1,0.199,0.553,0.265
215,1629665,Jalen Lecque,1610612756,PHX,20.0,6-4,76,185,None,USA,Undrafted,Undrafted,Undrafted,5,10,2,2,-20.2,0.0,0.057,0.186,0.46,0.118
216,1629667,Jalen McDaniels,1610612766,CHA,22.0,6-10,82,205,San Diego State,USA,2019,2,52,16,89,65,13,-3.6,0.05,0.172,0.131,0.574,0.069
217,2037,Jamal Crawford,1610612751,BKN,40.0,6-5,77,200,Michigan,USA,2000,1,8,1,5,0,3,26.7,0.0,0.0,0.235,0.625,0.5
218,1627750,Jamal Murray,1610612743,DEN,23.0,6-4,76,215,Kentucky,Canada,2016,1,7,59,1091,236,284,5.3,0.024,0.101,0.248,0.559,0.228
219,203516,James Ennis III,1610612753,ORL,29.0,6-6,78,215,Cal State-Long Beach,USA,2013,2,50,69,454,245,63,0.1,0.055,0.137,0.151,0.565,0.067
220,201935,James Harden,1610612745,HOU,30.0,6-5,77,220,Arizona State,USA,2009,1,3,68,2335,446,512,5.8,0.026,0.139,0.356,0.626,0.366
221,201949,James Johnson,1610612750,MIN,33.0,6-7,79,240,Wake Forest,USA,2009,1,16,32,270,118,74,-4.6,0.038,0.145,0.186,0.572,0.177
222,201162,Jared Dudley,1610612747,LAL,34.0,6-6,78,237,Boston College,USA,2007,1,22,45,68,52,28,3.3,0.017,0.119,0.081,0.558,0.104
223,1629607,Jared Harper,1610612752,NYK,22.0,5-10,70,175,None,USA,Undrafted,Undrafted,Undrafted,3,2,0,0,-61.1,0.0,0.0,0.222,0.25,0.0
224,1628991,Jaren Jackson Jr.,1610612763,MEM,20.0,6-11,83,242,Michigan State,USA,2018,1,4,57,990,262,78,-2.6,0.033,0.12,0.238,0.593,0.073
225,1629020,Jarred Vanderbilt,1610612750,MIN,21.0,6-9,81,214,Kentucky,USA,2018,2,41,11,12,9,2,-23.4,0.065,0.143,0.133,0.676,0.057
226,1629714,Jarrell Brantley,1610612762,UTA,24.0,6-5,77,250,College of Charleston,USA,2019,2,50,9,24,20,11,-17.0,0.019,0.189,0.155,0.416,0.193
227,1628386,Jarrett Allen,1610612751,BKN,22.0,6-11,83,243,Texas,USA,2017,1,22,70,775,671,110,0.9,0.108,0.226,0.148,0.664,0.086
228,1629633,Jarrett Culver,1610612750,MIN,21.0,6-6,78,195,Texas Tech,USA,2019,1,6,63,580,212,110,-3.3,0.041,0.092,0.187,0.467,0.105
229,1627784,Jarrod Uthoff,1610612764,WAS,27.0,6-9,81,220,Iowa,USA,Undrafted,Undrafted,Undrafted,7,19,6,0,8.1,0.032,0.074,0.141,0.503,0.0
230,1629750,Javonte Green,1610612738,BOS,26.0,6-4,76,205,Radford University,USA,Undrafted,Undrafted,Undrafted,48,163,93,26,-2.6,0.051,0.134,0.149,0.564,0.079
231,1629637,Jaxson Hayes,1610612740,NOP,20.0,6-11,83,220,Texas,USA,2019,1,8,64,472,259,56,-1.8,0.085,0.14,0.146,0.689,0.074
232,1627759,Jaylen Brown,1610612738,BOS,23.0,6-6,78,223,California,USA,2016,1,3,57,1159,364,118,6.9,0.031,0.149,0.245,0.583,0.095
233,1629658,Jaylen Hoard,1610612757,POR,21.0,6-8,80,216,None,France,Undrafted,Undrafted,Undrafted,13,38,32,4,3.0,0.111,0.158,0.153,0.504,0.054
234,1629669,Jaylen Nowell,1610612750,MIN,20.0,6-4,76,201,Washington,USA,2019,2,43,15,57,13,19,1.2,0.016,0.065,0.165,0.471,0.194
235,1628369,Jayson Tatum,1610612738,BOS,22.0,6-8,80,210,Duke,USA,2017,1,3,66,1547,460,200,10.6,0.027,0.165,0.28,0.567,0.143
236,201145,Jeff Green,1610612745,HOU,33.0,6-8,80,235,Georgetown,USA,2007,1,5,48,453,133,50,-3.8,0.024,0.108,0.188,0.59,0.082
237,201952,Jeff Teague,1610612737,ATL,32.0,6-3,75,195,Wake Forest,USA,2009,1,19,59,641,142,308,-5.7,0.017,0.074,0.192,0.557,0.306
238,203924,Jerami Grant,1610612743,DEN,26.0,6-8,80,210,Syracuse,USA,2014,2,39,71,851,248,88,-2.1,0.031,0.099,0.177,0.591,0.068
239,1629725,Jeremiah Martin,1610612751,BKN,24.0,6-2,74,185,Memphis,USA,Undrafted,Undrafted,Undrafted,9,64,10,18,-8.4,0.01,0.089,0.268,0.541,0.3
240,203087,Jeremy Lamb,1610612754,IND,28.0,6-5,77,180,Connecticut,USA,2012,1,12,46,577,200,96,-0.9,0.019,0.135,0.195,0.547,0.107
241,202951,Jeremy Pargo,1610612744,GSW,34.0,6-2,74,219,Gonzaga,USA,Undrafted,Undrafted,Undrafted,3,25,3,8,2.4,0.024,0.048,0.268,0.557,0.308
242,1626170,Jerian Grant,1610612764,WAS,27.0,6-4,76,198,Notre Dame,USA,2015,1,19,6,27,6,9,-3.6,0.022,0.056,0.166,0.449,0.161
243,1629010,Jerome Robinson,1610612764,WAS,23.0,6-4,76,190,Boston College,USA,2018,1,13,63,319,129,87,-1.0,0.012,0.11,0.155,0.476,0.123
244,1628975,Jevon Carter,1610612756,PHX,24.0,6-1,73,200,West Virginia,USA,2018,2,32,58,287,118,84,0.7,0.031,0.09,0.127,0.563,0.129
245,202710,Jimmy Butler,1610612748,MIA,30.0,6-7,79,230,Marquette,USA,2011,1,30,58,1157,386,350,5.2,0.055,0.139,0.246,0.585,0.283
246,201149,Joakim Noah,1610612746,LAC,35.0,6-11,83,232,Florida,USA,2007,1,9,5,14,16,7,-14.6,0.091,0.169,0.14,0.608,0.259
247,1629147,Joe Chealey,1610612766,CHA,24.0,6-4,76,190,College of Charleston,USA,Undrafted,Undrafted,Undrafted,4,2,0,1,-23.4,0.0,0.0,0.128,0.127,0.063
248,203925,Joe Harris,1610612751,BKN,28.0,6-6,78,220,Virginia,USA,2014,2,33,69,998,298,144,0.9,0.028,0.102,0.179,0.606,0.1
249,204060,Joe Ingles,1610612762,UTA,32.0,6-7,79,220,None,Australia,Undrafted,Undrafted,Undrafted,72,707,278,373,5.1,0.013,0.112,0.148,0.595,0.244
250,203954,Joel Embiid,1610612755,PHI,26.0,7-0,84,280,Kansas,Cameroon,2014,1,3,51,1172,593,152,5.2,0.091,0.279,0.315,0.59,0.178
251,1628381,John Collins,1610612737,ATL,22.0,6-9,81,235,Wake Forest,USA,2017,1,19,41,885,416,60,-5.1,0.08,0.208,0.224,0.659,0.075
252,203089,John Henson,1610612765,DET,29.0,6-9,81,219,North Carolina,USA,2012,1,14,40,221,162,54,-0.7,0.077,0.191,0.16,0.578,0.133
253,1629723,John Konchar,1610612763,MEM,24.0,6-5,77,210,None,USA,Undrafted,Undrafted,Undrafted,19,54,47,22,4.9,0.093,0.152,0.097,0.713,0.161
254,1628405,Johnathan Motley,1610612746,LAC,25.0,6-8,80,230,Baylor,USA,Undrafted,Undrafted,Undrafted,13,28,10,8,5.7,0.077,0.189,0.235,0.774,0.308
255,1629140,Johnathan Williams,1610612764,WAS,25.0,6-9,81,228,Gonzaga,USA,Undrafted,Undrafted,Undrafted,15,45,64,8,-11.6,0.119,0.215,0.1,0.566,0.064
256,1628413,Jonah Bolden,1610612756,PHX,24.0,6-8,80,225,None,Australia,2017,2,36,7,10,9,0,-3.2,0.064,0.14,0.13,0.392,0.0
257,202685,Jonas Valanciunas,1610612763,MEM,28.0,6-11,83,265,None,Lithuania,2011,1,5,70,1044,788,131,0.3,0.11,0.279,0.211,0.631,0.109
258,1628371,Jonathan Isaac,1610612753,ORL,22.0,6-11,83,230,Florida State,USA,2017,1,6,34,404,231,48,0.7,0.056,0.177,0.181,0.552,0.074
259,1628395,Jordan Bell,1610612739,CLE,25.0,6-8,80,216,Oregon,USA,2017,2,38,29,93,81,16,-1.6,0.11,0.187,0.159,0.577,0.09
260,1629648,Jordan Bone,1610612765,DET,22.0,6-3,75,180,Tennessee,USA,2019,2,57,10,12,4,8,-2.9,0.0,0.091,0.171,0.3,0.235
261,203903,Jordan Clarkson,1610612762,UTA,28.0,6-4,76,194,Missouri,USA,2014,2,46,71,1078,187,136,-0.5,0.028,0.078,0.254,0.574,0.13
262,1629162,Jordan McLaughlin,1610612750,MIN,24.0,5-11,71,185,USC,USA,Undrafted,Undrafted,Undrafted,30,229,49,125,-5.8,0.01,0.079,0.151,0.587,0.303
263,203895,Jordan McRae,1610612765,DET,29.0,6-5,77,179,Tennessee,USA,2014,2,58,37,426,124,93,-4.1,0.022,0.139,0.239,0.515,0.174
264,1629673,Jordan Poole,1610612744,GSW,21.0,6-4,76,194,Michigan,USA,2019,1,28,57,503,118,134,-8.2,0.007,0.087,0.2,0.454,0.16
265,1627982,Josh Gray,1610612740,NOP,26.0,6-0,72,180,None,USA,Undrafted,Undrafted,Undrafted,2,2,2,2,-14.9,0.053,0.04,0.137,0.5,0.154
266,1628404,Josh Hart,1610612740,NOP,25.0,6-5,77,215,Villanova,USA,2017,1,30,65,656,425,108,-3.1,0.032,0.195,0.15,0.563,0.084
267,1628367,Josh Jackson,1610612763,MEM,23.0,6-8,80,207,Kansas,USA,2017,1,4,22,198,66,35,2.5,0.027,0.128,0.214,0.547,0.125
268,203705,Josh Magette,1610612753,ORL,30.0,6-1,73,160,Alabama Huntsville,USA,Undrafted,Undrafted,Undrafted,8,12,6,5,2.4,0.022,0.128,0.226,0.378,0.238
269,1629006,Josh Okogie,1610612750,MIN,21.0,6-4,76,213,Georgia Institute of Technology,Nigeria,2018,1,20,62,533,268,99,-4.7,0.05,0.114,0.148,0.553,0.089
270,1629729,Josh Reaves,1610612742,DAL,23.0,6-4,76,214,Penn State,USA,Undrafted,Undrafted,Undrafted,4,8,3,3,15.5,0.03,0.063,0.161,0.405,0.158
271,1626196,Josh Richardson,1610612755,PHI,26.0,6-5,77,200,Tennessee,USA,2015,2,40,55,755,174,162,3.3,0.023,0.075,0.2,0.533,0.138
272,201950,Jrue Holiday,1610612740,NOP,30.0,6-3,75,205,UCLA,USA,2009,1,17,61,1167,293,408,0.5,0.034,0.095,0.241,0.537,0.284
273,1629308,Juan Toscano-Anderson,1610612744,GSW,27.0,6-6,78,209,None,USA,Undrafted,Undrafted,Undrafted,13,69,52,26,-12.0,0.031,0.163,0.125,0.529,0.144
274,1627823,Juancho Hernangomez,1610612750,MIN,24.0,6-9,81,214,None,Spain,2016,1,15,48,288,197,40,-2.3,0.046,0.184,0.149,0.518,0.063
275,203944,Julius Randle,1610612752,NYK,25.0,6-8,80,250,Kentucky,USA,2014,1,7,64,1248,622,198,-5.9,0.067,0.223,0.271,0.538,0.158
276,1626147,Justin Anderson,1610612751,BKN,26.0,6-5,77,231,Virginia,USA,2015,1,21,10,28,21,8,-0.1,0.008,0.167,0.162,0.352,0.099
277,203200,Justin Holiday,1610612754,IND,31.0,6-6,78,180,Washington,USA,Undrafted,Undrafted,Undrafted,73,603,238,93,1.3,0.017,0.104,0.13,0.585,0.068
278,1628382,Justin Jackson,1610612742,DAL,25.0,6-7,79,220,North Carolina,USA,2017,1,15,65,360,154,52,0.5,0.024,0.119,0.15,0.496,0.067
279,1629713,Justin James,1610612758,SAC,23.0,6-7,79,190,Wyoming,USA,2019,2,40,36,89,32,18,-2.4,0.024,0.111,0.181,0.477,0.118
280,1628383,Justin Patton,1610612765,DET,23.0,6-11,83,241,Creighton,USA,2017,1,16,5,9,5,2,-32.0,0.042,0.174,0.194,0.45,0.111
281,1629620,Justin Robinson,1610612764,WAS,22.0,6-1,73,195,None,USA,Undrafted,Undrafted,Undrafted,9,13,5,7,29.9,0.022,0.098,0.133,0.542,0.194
282,1629625,Justin Wright-Foreman,1610612762,UTA,22.0,6-0,72,190,Hofstra,USA,2019,2,53,4,19,5,7,-32.5,0.0,0.125,0.225,0.437,0.292
283,1626159,Justise Winslow,1610612763,MEM,24.0,6-6,78,222,Duke,USA,2015,1,10,11,124,73,44,6.4,0.043,0.154,0.19,0.44,0.183
284,203994,Jusuf Nurkic,1610612757,POR,25.0,7-0,84,290,None,Bosnia and Herzegovina,2014,1,16,8,141,82,32,-0.5,0.087,0.243,0.232,0.567,0.179
285,1629752,Juwan Morgan,1610612762,UTA,23.0,6-7,79,232,Indiana,USA,Undrafted,Undrafted,Undrafted,21,36,29,6,12.0,0.07,0.128,0.101,0.648,0.053
286,1629644,KZ Okpala,1610612748,MIA,21.0,6-8,80,215,Stanford,USA,2019,2,32,5,7,5,1,-31.7,0.038,0.16,0.102,0.595,0.077
287,1628443,Kadeem Allen,1610612752,NYK,27.0,6-1,73,200,Arizona,USA,2017,2,53,10,50,9,21,-10.1,0.016,0.065,0.191,0.512,0.259
288,1626157,Karl-Anthony Towns,1610612750,MIN,24.0,6-11,83,248,Kentucky,USA,2015,1,1,35,926,378,153,-1.5,0.075,0.24,0.278,0.642,0.21
289,202695,Kawhi Leonard,1610612746,LAC,29.0,6-7,79,225,San Diego State,USA,2011,1,15,57,1543,402,280,12.2,0.028,0.175,0.327,0.589,0.255
290,1628966,Keita Bates-Diop,1610612743,DEN,24.0,6-8,80,229,Ohio State,USA,2018,2,48,44,288,127,30,-10.6,0.03,0.131,0.156,0.539,0.064
291,1629103,Kelan Martin,1610612750,MIN,24.0,6-5,77,230,None,USA,Undrafted,Undrafted,Undrafted,31,197,96,23,-1.7,0.021,0.154,0.171,0.506,0.071
292,1629640,Keldon Johnson,1610612759,SAS,20.0,6-5,77,220,Kentucky,USA,2019,1,29,17,154,57,15,11.3,0.033,0.146,0.164,0.711,0.066
293,203482,Kelly Olynyk,1610612748,MIA,29.0,6-11,83,240,Gonzaga,Canada,2013,1,13,67,549,305,116,1.5,0.034,0.191,0.165,0.621,0.131
294,1626162,Kelly Oubre Jr.,1610612756,PHX,24.0,6-7,79,203,Kansas,USA,2015,1,15,56,1046,361,85,0.2,0.034,0.151,0.219,0.56,0.066
295,202689,Kemba Walker,1610612738,BOS,30.0,6-0,72,184,Connecticut,USA,2011,1,9,56,1145,217,268,7.1,0.02,0.1,0.268,0.575,0.232
296,1629134,Kendrick Nunn,1610612748,MIA,24.0,6-2,74,190,Oakland,USA,Undrafted,Undrafted,Undrafted,67,1024,180,220,1.2,0.011,0.079,0.236,0.534,0.182
297,1629026,Kenrich Williams,1610612740,NOP,25.0,6-6,78,210,None,USA,Undrafted,Undrafted,Undrafted,39,136,186,57,-1.0,0.055,0.157,0.087,0.429,0.087
298,203145,Kent Bazemore,1610612758,SAC,30.0,6-4,76,195,Old Dominion,USA,Undrafted,Undrafted,Undrafted,68,597,294,93,0.8,0.015,0.144,0.171,0.499,0.077
299,203484,Kentavious Caldwell-Pope,1610612747,LAL,27.0,6-5,77,204,Georgia,USA,2013,1,8,69,645,142,111,3.5,0.021,0.056,0.142,0.584,0.085
300,1628987,Kevin Hervey,1610612760,OKC,23.0,6-9,81,230,Texas-Arlington,USA,2018,2,57,10,17,12,5,-28.9,0.012,0.216,0.189,0.315,0.192
301,1628989,Kevin Huerter,1610612737,ATL,21.0,6-7,79,190,Maryland,USA,2018,1,19,56,684,228,213,-6.1,0.019,0.106,0.169,0.536,0.171
302,1628995,Kevin Knox II,1610612752,NYK,20.0,6-7,79,215,Kentucky,USA,2018,1,9,65,419,184,61,-7.3,0.021,0.128,0.172,0.47,0.076
303,201567,Kevin Love,1610612739,CLE,31.0,6-8,80,251,UCLA,USA,2008,1,5,56,987,547,178,-8.0,0.03,0.286,0.225,0.599,0.15
304,1629645,Kevin Porter Jr.,1610612739,CLE,20.0,6-4,76,203,USC,USA,2019,1,30,50,498,162,109,-11.2,0.018,0.121,0.202,0.535,0.147
305,1626172,Kevon Looney,1610612744,GSW,24.0,6-9,81,222,UCLA,USA,2015,1,30,20,68,66,20,-18.3,0.098,0.151,0.147,0.403,0.12
306,203920,Khem Birch,1610612753,ORL,27.0,6-9,81,233,UNLV,Canada,Undrafted,Undrafted,Undrafted,48,212,220,50,-7.1,0.089,0.144,0.101,0.566,0.079
307,203114,Khris Middleton,1610612749,MIL,28.0,6-7,79,222,Texas A&M,USA,2012,2,39,62,1297,382,265,12.4,0.023,0.157,0.26,0.619,0.212
308,1629017,Khyri Thomas,1610612765,DET,24.0,6-3,75,210,Creighton,USA,2018,2,38,8,17,1,3,-28.7,0.012,0.0,0.149,0.453,0.097
309,1628961,Kostas Antetokounmpo,1610612747,LAL,22.0,6-10,82,200,University of Dayton,Greece,2018,2,60,5,7,3,2,19.6,0.095,0.05,0.096,0.902,0.1
310,1627739,Kris Dunn,1610612741,CHI,26.0,6-3,75,205,Providence,USA,2016,1,5,51,373,186,173,-0.1,0.017,0.132,0.145,0.51,0.198
311,204001,Kristaps Porzingis,1610612742,DAL,24.0,7-3,87,240,None,Latvia,2015,1,4,57,1164,540,102,6.9,0.052,0.221,0.263,0.551,0.088
312,1629065,Ky Bowman,1610612744,GSW,23.0,6-1,73,187,None,USA,Undrafted,Undrafted,Undrafted,45,335,121,131,-8.4,0.022,0.093,0.168,0.494,0.202
313,1629734,Kyle Alexander,1610612748,MIA,23.0,6-10,82,216,Tennessee,Canada,Undrafted,Undrafted,Undrafted,2,2,3,0,-6.7,0.111,0.067,0.079,0.5,0.0
314,203937,Kyle Anderson,1610612763,MEM,26.0,6-9,81,230,UCLA,USA,2014,1,30,67,390,285,162,-3.0,0.042,0.151,0.134,0.534,0.163
315,1629657,Kyle Guy,1610612758,SAC,22.0,6-1,73,167,Virginia,USA,2019,2,55,3,4,1,1,-45.8,0.0,0.091,0.2,0.4,0.125
316,2594,Kyle Korver,1610612749,MIL,39.0,6-7,79,212,Creighton,USA,2003,2,51,58,386,122,68,5.4,0.014,0.091,0.145,0.62,0.092
317,1628398,Kyle Kuzma,1610612747,LAL,24.0,6-8,80,221,Utah,USA,2017,1,27,61,782,273,80,4.9,0.033,0.135,0.221,0.531,0.076
318,200768,Kyle Lowry,1610612761,TOR,34.0,6-0,72,196,Villanova,USA,2006,1,24,58,1126,292,433,6.0,0.015,0.115,0.225,0.59,0.309
319,203124,Kyle O'Quinn,1610612755,PHI,30.0,6-9,81,250,Norfolk State,USA,2012,2,49,29,102,116,51,-4.9,0.099,0.265,0.148,0.544,0.225
320,202681,Kyrie Irving,1610612751,BKN,28.0,6-2,74,195,Duke,Australia,2011,1,1,20,548,103,128,-0.4,0.032,0.12,0.318,0.595,0.331
321,200746,LaMarcus Aldridge,1610612759,SAS,34.0,6-11,83,250,Texas,USA,2006,1,2,53,1001,392,129,-3.2,0.058,0.162,0.236,0.571,0.117
322,202498,Lance Thomas,1610612751,BKN,32.0,6-8,80,225,Duke,USA,Undrafted,Undrafted,Undrafted,7,24,13,6,-24.2,0.019,0.141,0.13,0.485,0.078
323,1629013,Landry Shamet,1610612746,LAC,23.0,6-4,76,190,Wichita State,USA,2018,1,26,53,492,100,99,4.3,0.004,0.058,0.132,0.58,0.09
324,204038,Langston Galloway,1610612765,DET,28.0,6-1,73,200, ,USA,Undrafted,Undrafted,Undrafted,66,677,149,101,-4.4,0.019,0.068,0.149,0.584,0.089
325,1626204,Larry Nance Jr.,1610612739,CLE,27.0,6-7,79,245,Wyoming,USA,2015,1,27,56,564,409,123,-5.1,0.068,0.209,0.15,0.608,0.126
326,1628374,Lauri Markkanen,1610612741,CHI,23.0,7-0,84,240,Arizona,Finland,2017,1,7,50,737,313,74,-2.0,0.038,0.174,0.209,0.56,0.077
327,2544,LeBron James,1610612747,LAL,35.0,6-9,81,250,None,USA,2003,1,1,67,1698,525,684,8.5,0.028,0.191,0.308,0.577,0.477
328,1629022,Lonnie Walker IV,1610612759,SAS,21.0,6-5,77,204,Miami,USA,2018,1,18,61,389,139,68,-0.4,0.023,0.11,0.183,0.507,0.099
329,1628366,Lonzo Ball,1610612740,NOP,22.0,6-6,78,190,UCLA,USA,2017,1,2,63,745,383,438,-0.7,0.032,0.142,0.181,0.517,0.292
330,101150,Lou Williams,1610612746,LAC,33.0,6-1,73,175,None,USA,2005,2,45,65,1185,201,365,4.0,0.016,0.081,0.271,0.546,0.294
331,1629663,Louis King,1610612765,DET,21.0,6-7,79,205,None,USA,Undrafted,Undrafted,Undrafted,10,20,10,5,11.0,0.015,0.141,0.163,0.448,0.125
332,201601,Luc Mbah a Moute,1610612745,HOU,33.0,6-8,80,230,UCLA,Cameroon,2008,2,37,3,5,2,0,-11.3,0.033,0.037,0.108,0.425,0.0
333,1629652,Luguentz Dort,1610612760,OKC,21.0,6-3,75,215,Arizona State,Canada,Undrafted,Undrafted,Undrafted,36,244,81,27,4.4,0.03,0.066,0.139,0.506,0.045
334,1629029,Luka Doncic,1610612742,DAL,21.0,6-7,79,230,None,Slovenia,2018,1,3,61,1759,573,538,5.3,0.036,0.224,0.355,0.585,0.454
335,1629677,Luka Samanic,1610612759,SAS,20.0,6-10,82,227,None,Croatia,2019,1,19,3,16,10,6,8.8,0.02,0.167,0.179,0.45,0.182
336,1628379,Luke Kennard,1610612765,DET,24.0,6-5,77,206,Duke,USA,2017,1,12,28,442,98,115,-2.1,0.01,0.095,0.193,0.589,0.188
337,1628436,Luke Kornet,1610612741,CHI,24.0,7-2,86,250,Vanderbilt,USA,Undrafted,Undrafted,Undrafted,36,215,84,32,-3.6,0.037,0.118,0.163,0.539,0.082
338,1627763,Malcolm Brogdon,1610612754,IND,27.0,6-5,77,229,Virginia,USA,2016,2,36,54,893,262,381,2.3,0.028,0.124,0.249,0.541,0.35
339,1626259,Malcolm Miller,1610612761,TOR,27.0,6-7,79,210,Holy Cross,USA,Undrafted,Undrafted,Undrafted,28,35,16,11,15.9,0.013,0.077,0.09,0.538,0.082
340,1627736,Malik Beasley,1610612750,MIN,23.0,6-4,76,187,Florida State,USA,2016,1,19,55,615,148,75,-1.9,0.014,0.107,0.208,0.546,0.093
341,1628370,Malik Monk,1610612766,CHA,22.0,6-3,75,200,Kentucky,USA,2017,1,11,55,564,157,114,-10.5,0.021,0.108,0.22,0.53,0.168
342,1629005,Malik Newman,1610612739,CLE,23.0,6-3,75,190,Kansas,USA,Undrafted,Undrafted,Undrafted,1,2,0,0,-30.4,0.0,0.0,0.571,0.347,0.0
343,201188,Marc Gasol,1610612761,TOR,35.0,6-11,83,255,None,Spain,2007,2,48,44,331,275,147,10.1,0.027,0.187,0.133,0.551,0.173
344,201158,Marco Belinelli,1610612759,SAS,34.0,6-5,77,220,None,Italy,2007,1,18,57,361,99,69,1.5,0.008,0.097,0.166,0.532,0.102
345,202694,Marcus Morris Sr.,1610612746,LAC,30.0,6-8,80,218,Kansas,USA,2011,1,14,62,1033,311,86,1.5,0.029,0.128,0.216,0.57,0.066
346,203935,Marcus Smart,1610612738,BOS,26.0,6-3,75,220,Oklahoma State,USA,2014,1,6,60,776,225,291,7.3,0.02,0.089,0.183,0.518,0.214
347,1629621,Marial Shayok,1610612755,PHI,24.0,6-5,77,198,Iowa State,Canada,2019,2,54,4,11,7,1,-23.2,0.033,0.194,0.243,0.4,0.053
348,1626209,Mario Hezonja,1610612757,POR,25.0,6-8,80,220,None,Croatia,2015,1,5,53,256,184,50,-9.5,0.032,0.158,0.135,0.525,0.08
349,1628365,Markelle Fultz,1610612753,ORL,22.0,6-3,75,209,Washington,USA,2017,1,1,72,870,238,369,-1.7,0.02,0.1,0.21,0.517,0.273
350,202693,Markieff Morris,1610612747,LAL,30.0,6-8,80,245,Kansas,USA,2011,1,13,58,560,218,77,-5.8,0.033,0.144,0.202,0.565,0.1
351,1629741,Marko Guduric,1610612763,MEM,25.0,6-6,78,201,None,Serbia,Undrafted,Undrafted,Undrafted,44,173,73,45,-2.6,0.028,0.115,0.168,0.514,0.127
352,1629716,Marques Bolden,1610612739,CLE,22.0,6-10,82,249,None,USA,Undrafted,Undrafted,Undrafted,1,0,2,0,57.1,0.0,0.5,0.0,0.0,0.0
353,1627737,Marquese Chriss,1610612744,GSW,22.0,6-9,81,240,Washington,USA,2016,1,8,59,548,365,114,-9.5,0.089,0.212,0.184,0.604,0.15
354,1628963,Marvin Bagley III,1610612758,SAC,21.0,6-11,83,235,Duke,USA,2018,1,2,13,185,97,10,-12.6,0.082,0.201,0.248,0.512,0.05
355,101107,Marvin Williams,1610612749,MIL,34.0,6-8,80,237,North Carolina,USA,2005,1,2,58,343,183,60,-2.8,0.025,0.132,0.12,0.587,0.076
356,203486,Mason Plumlee,1610612743,DEN,30.0,6-11,83,254,Duke,USA,2013,1,22,61,437,317,154,-1.0,0.087,0.195,0.173,0.613,0.21
357,1629680,Matisse Thybulle,1610612755,PHI,23.0,6-5,77,201,Washington,USA,2019,1,20,65,305,107,79,2.4,0.033,0.049,0.108,0.539,0.081
358,1629760,Matt Mooney,1610612739,CLE,23.0,6-2,74,199,Texas Tech,USA,Undrafted,Undrafted,Undrafted,4,2,3,1,17.5,0.0,0.158,0.08,0.25,0.071
359,1629744,Matt Thomas,1610612761,TOR,25.0,6-4,76,190,Iowa State,USA,Undrafted,Undrafted,Undrafted,41,202,61,22,4.2,0.018,0.1,0.152,0.65,0.076
360,203521,Matthew Dellavedova,1610612739,CLE,29.0,6-3,75,200,St. Mary's (CA),Australia,Undrafted,Undrafted,Undrafted,57,177,75,180,-1.2,0.022,0.067,0.128,0.463,0.297
361,203090,Maurice Harkless,1610612752,NYK,27.0,6-7,79,220,"St. John's, N.Y.",USA,2012,1,15,62,357,240,68,1.2,0.038,0.117,0.105,0.572,0.062
362,1629622,Max Strus,1610612741,CHI,24.0,6-5,77,215,None,USA,Undrafted,Undrafted,Undrafted,2,5,1,0,105.8,0.167,0.0,0.158,0.727,0.0
363,1628467,Maxi Kleber,1610612742,DAL,28.0,6-10,82,240,None,Germany,Undrafted,Undrafted,Undrafted,74,672,388,88,3.4,0.054,0.136,0.134,0.605,0.065
364,1628982,Melvin Frazier Jr.,1610612753,ORL,23.0,6-5,77,215,Tulane,USA,2018,2,35,19,40,10,3,-15.0,0.014,0.067,0.129,0.559,0.039
365,203086,Meyers Leonard,1610612748,MIA,28.0,7-0,84,260,Illinois,USA,2012,1,11,51,309,260,55,4.5,0.03,0.214,0.121,0.627,0.075
366,1629662,Mfiondu Kabengele,1610612746,LAC,22.0,6-9,81,250,Florida State,Canada,2019,1,27,12,42,11,2,0.8,0.017,0.159,0.242,0.614,0.05
367,203487,Michael Carter-Williams,1610612753,ORL,28.0,6-5,77,190,Syracuse,USA,2013,1,11,45,323,147,109,1.4,0.05,0.121,0.175,0.535,0.192
368,1626187,Michael Frazier,1610612745,HOU,26.0,6-3,75,200,Florida,USA,Undrafted,Undrafted,Undrafted,13,27,10,2,-16.0,0.006,0.067,0.115,0.384,0.021
369,203077,Michael Kidd-Gilchrist,1610612742,DAL,26.0,6-6,78,232,Kentucky,USA,2012,1,2,25,60,67,14,4.2,0.045,0.169,0.134,0.416,0.077
370,1629008,Michael Porter Jr.,1610612743,DEN,22.0,6-10,82,218,Missouri,USA,2018,1,14,55,512,259,46,0.7,0.07,0.214,0.211,0.617,0.074
371,1628969,Mikal Bridges,1610612756,PHX,23.0,6-6,78,209,Villanova,USA,2018,1,10,73,667,292,129,2.9,0.032,0.107,0.125,0.62,0.086
372,201144,Mike Conley,1610612762,UTA,32.0,6-1,73,175,Ohio State,USA,2007,1,4,47,675,151,208,2.1,0.024,0.083,0.223,0.537,0.236
373,203488,Mike Muscala,1610612760,OKC,28.0,6-10,82,240,Bucknell,USA,2013,2,44,47,226,108,40,-2.3,0.027,0.156,0.16,0.569,0.106
374,203118,Mike Scott,1610612755,PHI,31.0,6-7,79,237,Virginia,USA,2012,2,43,68,408,248,56,5.7,0.051,0.148,0.132,0.557,0.064
375,1628970,Miles Bridges,1610612766,CHA,22.0,6-6,78,225,Michigan State,USA,2018,1,12,65,843,362,114,-9.7,0.042,0.138,0.196,0.52,0.092
376,1629011,Mitchell Robinson,1610612752,NYK,22.0,7-0,84,240,None,USA,2018,2,36,61,590,428,36,-2.9,0.122,0.16,0.129,0.726,0.039
377,1629671,Miye Oni,1610612762,UTA,22.0,6-5,77,206,Yale,USA,2019,2,58,10,35,17,4,-8.6,0.044,0.121,0.146,0.512,0.051
378,1628964,Mo Bamba,1610612753,ORL,22.0,7-0,84,231,University of Texas at Austin,USA,2018,1,6,62,332,302,42,0.5,0.099,0.216,0.163,0.542,0.077
379,1628420,Monte Morris,1610612743,DEN,25.0,6-2,74,183,Iowa State,USA,2017,2,51,73,660,137,255,0.8,0.014,0.067,0.168,0.545,0.219
380,1626149,Montrezl Harrell,1610612746,LAC,26.0,6-7,79,240,Louisville,USA,2015,2,32,63,1173,445,107,6.5,0.089,0.141,0.245,0.607,0.102
381,1629021,Moritz Wagner,1610612764,WAS,23.0,6-11,83,245,Michigan,Germany,2018,1,25,45,393,219,56,-4.2,0.063,0.202,0.179,0.638,0.1
382,1629650,Moses Brown,1610612757,POR,20.0,7-2,86,245,None,USA,Undrafted,Undrafted,Undrafted,9,11,14,1,-50.9,0.073,0.324,0.2,0.407,0.048
383,1628539,Mychal Mulder,1610612744,GSW,26.0,6-3,75,184,Kentucky,Canada,Undrafted,Undrafted,Undrafted,7,77,23,8,6.2,0.016,0.093,0.165,0.533,0.053
384,1626167,Myles Turner,1610612754,IND,24.0,6-11,83,250,Texas,USA,2015,1,11,62,749,407,72,0.4,0.047,0.168,0.18,0.566,0.057
385,1629642,Nassir Little,1610612757,POR,20.0,6-5,77,220,North Carolina,USA,2019,1,25,48,172,108,22,-3.2,0.048,0.12,0.131,0.505,0.05
386,1628513,Naz Mitrou-Long,1610612754,IND,26.0,6-3,75,218,Iowa State,Canada,Undrafted,Undrafted,Undrafted,5,14,7,8,20.2,0.0,0.119,0.177,0.412,0.25
387,1629675,Naz Reid,1610612750,MIN,20.0,6-9,81,264,None,USA,Undrafted,Undrafted,Undrafted,30,269,124,35,0.7,0.06,0.176,0.234,0.505,0.106
388,202357,Nemanja Bjelica,1610612758,SAC,32.0,6-10,82,234,None,Serbia,2010,2,35,72,831,458,203,-1.0,0.054,0.177,0.167,0.602,0.141
389,203457,Nerlens Noel,1610612760,OKC,26.0,6-10,82,220,Kentucky,USA,2013,1,6,61,449,300,57,1.3,0.082,0.174,0.148,0.711,0.079
390,1629638,Nickeil Alexander-Walker,1610612740,NOP,21.0,6-5,77,205,Virginia Tech,Canada,2019,1,17,47,267,84,89,-3.6,0.015,0.122,0.233,0.473,0.212
391,201587,Nicolas Batum,1610612766,CHA,31.0,6-9,81,230,None,France,2008,1,25,22,79,100,66,-3.3,0.049,0.146,0.093,0.463,0.173
392,1629651,Nicolas Claxton,1610612751,BKN,21.0,6-11,83,215,Georgia,USA,2019,2,31,15,66,44,16,-15.6,0.09,0.112,0.144,0.577,0.142
393,1629740,Nicolo Melli,1610612740,NOP,29.0,6-9,81,236,None,Italy,Undrafted,Undrafted,Undrafted,60,395,180,82,-4.3,0.034,0.132,0.158,0.556,0.112
394,1628430,Nigel Williams-Goss,1610612762,UTA,25.0,6-2,74,190,Gonzaga,USA,2017,2,55,10,14,6,6,4.5,0.037,0.07,0.161,0.415,0.158
395,203999,Nikola Jokic,1610612743,DEN,25.0,7-0,84,284,None,Serbia,2014,2,41,73,1456,711,512,4.5,0.073,0.237,0.266,0.605,0.35
396,202696,Nikola Vucevic,1610612753,ORL,29.0,6-11,83,260,USC,Montenegro,2011,1,16,62,1215,673,222,0.9,0.068,0.27,0.258,0.549,0.182
397,203943,Noah Vonleh,1610612743,DEN,24.0,6-10,82,257,Indiana,USA,2014,1,9,36,132,124,28,-5.0,0.084,0.205,0.135,0.622,0.115
398,1626181,Norman Powell,1610612761,TOR,27.0,6-3,75,215,UCLA,USA,2015,2,46,52,830,190,91,4.6,0.017,0.098,0.21,0.624,0.095
399,203658,Norvel Pelle,1610612755,PHI,27.0,6-10,82,231,None,USA,Undrafted,Undrafted,Undrafted,24,57,72,8,-15.7,0.081,0.22,0.131,0.526,0.049
400,1628384,OG Anunoby,1610612761,TOR,22.0,6-7,79,232,Indiana,United Kingdom,2017,1,23,69,733,364,108,6.2,0.038,0.129,0.142,0.6,0.074
401,1629016,Omari Spellman,1610612750,MIN,22.0,6-8,80,245,Villanova,USA,2018,1,30,49,370,219,47,-8.5,0.076,0.155,0.177,0.551,0.086
402,1629052,Oshae Brissett,1610612761,TOR,22.0,6-7,79,210,None,Canada,Undrafted,Undrafted,Undrafted,19,37,26,7,11.6,0.063,0.109,0.145,0.458,0.074
403,203490,Otto Porter Jr.,1610612741,CHI,27.0,6-8,80,198,Georgetown,USA,2013,1,3,14,167,48,25,3.2,0.036,0.108,0.201,0.55,0.113
404,200782,P.J. Tucker,1610612745,HOU,35.0,6-5,77,245,Texas,USA,2006,2,35,72,500,476,115,3.0,0.042,0.137,0.087,0.559,0.061
405,1629023,P.J. Washington,1610612766,CHA,21.0,6-7,79,230,Kentucky,USA,2019,1,12,58,710,316,123,-6.3,0.032,0.145,0.184,0.547,0.115
406,1628408,PJ Dozier,1610612743,DEN,23.0,6-6,78,205,South Carolina,USA,Undrafted,Undrafted,Undrafted,29,168,55,63,-5.7,0.024,0.108,0.199,0.495,0.216
407,1627783,Pascal Siakam,1610612761,TOR,26.0,6-9,81,230,New Mexico State,Cameroon,2016,1,27,60,1371,439,207,8.8,0.03,0.162,0.278,0.554,0.161
408,1626192,Pat Connaughton,1610612749,MIL,27.0,6-5,77,209,Notre Dame,USA,2015,2,41,67,360,284,107,3.5,0.044,0.151,0.118,0.565,0.115
409,201976,Patrick Beverley,1610612746,LAC,31.0,6-1,73,180,Arkansas,USA,2009,2,42,51,405,266,183,10.2,0.04,0.145,0.131,0.56,0.18
410,1627775,Patrick McCaw,1610612761,TOR,24.0,6-7,79,181,UNLV,USA,2016,2,38,37,170,86,79,0.6,0.02,0.068,0.093,0.5,0.118
411,202335,Patrick Patterson,1610612746,LAC,31.0,6-8,80,235,Kentucky,USA,2010,1,14,59,292,151,41,2.5,0.042,0.136,0.143,0.58,0.075
412,201988,Patty Mills,1610612759,SAS,31.0,6-1,73,180,St. Mary's (CA),Australia,2009,2,55,66,767,108,118,4.1,0.014,0.054,0.193,0.592,0.112
413,202331,Paul George,1610612746,LAC,30.0,6-8,80,220,Fresno State,USA,2010,1,10,48,1033,272,185,8.7,0.017,0.161,0.292,0.589,0.205
414,200794,Paul Millsap,1610612743,DEN,35.0,6-7,79,257,Louisiana Tech,USA,2006,2,47,51,591,293,83,9.3,0.079,0.157,0.197,0.591,0.093
415,1628778,Paul Watson,1610612761,TOR,25.0,6-6,78,210,Fresno State,USA,Undrafted,Undrafted,Undrafted,10,31,17,8,16.3,0.02,0.163,0.142,0.517,0.107
416,1626188,Quinn Cook,1610612747,LAL,27.0,6-1,73,180,Duke,USA,Undrafted,Undrafted,Undrafted,44,224,51,49,4.5,0.02,0.071,0.201,0.509,0.139
417,1629683,Quinndary Weatherspoon,1610612759,SAS,23.0,6-3,75,205,Mississippi State,USA,2019,2,49,11,12,7,11,-13.7,0.011,0.074,0.107,0.336,0.183
418,1629628,RJ Barrett,1610612752,NYK,20.0,6-6,78,214,Duke,Canada,2019,1,3,56,803,279,143,-9.1,0.027,0.134,0.234,0.479,0.127
419,200765,Rajon Rondo,1610612747,LAL,34.0,6-1,73,180,Kentucky,USA,2006,1,21,48,342,142,240,1.4,0.022,0.119,0.184,0.494,0.34
420,203526,Raul Neto,1610612755,PHI,28.0,6-1,73,180,None,Brazil,2013,2,47,54,275,61,95,2.8,0.016,0.072,0.181,0.567,0.218
421,1629730,Rayjon Tucker,1610612762,UTA,22.0,6-3,75,209,None,USA,Undrafted,Undrafted,Undrafted,20,62,20,5,-6.9,0.017,0.113,0.152,0.584,0.043
422,203493,Reggie Bullock,1610612752,NYK,29.0,6-6,78,205,North Carolina,USA,2013,1,25,29,234,68,42,-5.8,0.018,0.082,0.153,0.502,0.087
423,202704,Reggie Jackson,1610612746,LAC,30.0,6-3,75,208,Boston College,USA,2011,1,24,31,370,92,126,6.7,0.023,0.094,0.229,0.529,0.263
424,1626158,Richaun Holmes,1610612758,SAC,26.0,6-10,82,235,Bowling Green,USA,2015,2,37,44,539,358,42,1.2,0.101,0.191,0.156,0.681,0.05
425,201937,Ricky Rubio,1610612756,PHX,29.0,6-3,75,190,None,Spain,2009,1,5,65,847,304,570,4.0,0.023,0.128,0.199,0.535,0.377
426,203496,Robert Covington,1610612745,HOU,29.0,6-7,79,209,Tennessee State,USA,Undrafted,Undrafted,Undrafted,70,870,463,88,0.9,0.027,0.18,0.169,0.559,0.059
427,1629057,Robert Williams III,1610612738,BOS,22.0,6-8,80,237,Texas A&M,USA,2018,1,27,29,150,128,27,6.1,0.103,0.209,0.135,0.728,0.099
428,201577,Robin Lopez,1610612749,MIL,32.0,7-0,84,281,Stanford,USA,2008,1,15,66,357,161,45,0.6,0.054,0.092,0.161,0.554,0.068
429,1629066,Rodions Kurucs,1610612751,BKN,22.0,6-9,81,228,None,Latvia,2018,2,40,47,215,137,51,-1.4,0.033,0.141,0.142,0.555,0.105
430,203918,Rodney Hood,1610612757,POR,27.0,6-8,80,208,Duke,USA,2014,1,23,21,230,72,32,0.6,0.015,0.092,0.137,0.625,0.068
431,203585,Rodney McGruder,1610612746,LAC,28.0,6-4,76,205,Kansas State,USA,Undrafted,Undrafted,Undrafted,56,187,151,36,0.8,0.032,0.123,0.101,0.477,0.055
432,1629641,Romeo Langford,1610612738,BOS,20.0,6-4,76,216,Indiana,USA,2019,1,14,32,79,41,13,8.9,0.038,0.065,0.113,0.434,0.045
433,1626178,Rondae Hollis-Jefferson,1610612761,TOR,25.0,6-6,78,217,Arizona,USA,2015,1,23,60,418,283,106,4.2,0.089,0.143,0.164,0.533,0.141
434,1626220,Royce O'Neale,1610612762,UTA,27.0,6-4,76,226,Baylor,USA,Undrafted,Undrafted,Undrafted,71,450,389,180,5.2,0.014,0.165,0.095,0.578,0.116
435,200752,Rudy Gay,1610612759,SAS,33.0,6-8,80,250,Connecticut,USA,2006,1,8,67,726,362,114,0.2,0.04,0.194,0.211,0.553,0.116
436,203497,Rudy Gobert,1610612762,UTA,28.0,7-1,85,258,None,France,2013,1,27,68,1026,916,101,6.2,0.104,0.276,0.162,0.699,0.065
437,1629060,Rui Hachimura,1610612764,WAS,22.0,6-8,80,230,Gonzaga,Japan,2019,1,9,48,649,294,87,-8.2,0.051,0.155,0.189,0.535,0.088
438,201566,Russell Westbrook,1610612745,HOU,31.0,6-3,75,200,UCLA,USA,2008,1,4,57,1553,451,401,3.1,0.044,0.157,0.33,0.536,0.34
439,201583,Ryan Anderson,1610612745,HOU,32.0,6-9,81,240,California,USA,2008,1,21,2,5,7,2,21.2,0.0,0.467,0.242,0.357,0.167
440,1627853,Ryan Arcidiacono,1610612741,CHI,26.0,6-3,75,195,Villanova,USA,Undrafted,Undrafted,Undrafted,58,261,110,96,-4.0,0.019,0.098,0.121,0.551,0.143
441,1629151,Ryan Broekhoff,1610612755,PHI,29.0,6-6,78,215,None,Australia,Undrafted,Undrafted,Undrafted,17,71,43,11,2.1,0.025,0.202,0.155,0.568,0.083
442,1629635,Sekou Doumbouya,1610612765,DET,19.0,6-8,80,230,None,Guinea,2019,1,15,38,243,118,19,-10.8,0.026,0.137,0.164,0.474,0.037
443,1628400,Semi Ojeleye,1610612738,BOS,25.0,6-6,78,240,Southern Methodist,USA,2017,2,37,69,236,145,37,-1.5,0.024,0.109,0.094,0.562,0.051
444,201586,Serge Ibaka,1610612761,TOR,30.0,7-0,84,235,None,Republic of the Congo,2008,1,24,55,845,452,77,3.1,0.075,0.205,0.236,0.583,0.086
445,203552,Seth Curry,1610612742,DAL,29.0,6-2,74,185,Duke,USA,Undrafted,Undrafted,Undrafted,64,793,145,124,3.4,0.016,0.07,0.176,0.643,0.117
446,203894,Shabazz Napier,1610612764,WAS,28.0,6-0,72,175,Connecticut,USA,2014,1,24,56,578,158,262,-3.6,0.018,0.1,0.197,0.552,0.295
447,1628983,Shai Gilgeous-Alexander,1610612760,OKC,21.0,6-5,77,180,Kentucky,Canada,2018,1,11,70,1331,412,232,3.5,0.02,0.146,0.235,0.568,0.148
448,1629003,Shake Milton,1610612755,PHI,23.0,6-5,77,205,Southern Methodist,USA,2018,2,54,40,377,88,104,0.1,0.018,0.093,0.186,0.617,0.182
449,1629044,Shamorie Ponds,1610612761,TOR,22.0,6-0,72,175,None,USA,Undrafted,Undrafted,Undrafted,4,9,1,2,-5.5,0.0,0.167,0.222,0.765,0.4
450,1627885,Shaquille Harrison,1610612741,CHI,26.0,6-7,79,190,Tulsa,USA,Undrafted,Undrafted,Undrafted,43,209,86,49,6.8,0.042,0.139,0.176,0.559,0.147
451,1628414,Sindarius Thornwell,1610612740,NOP,25.0,6-4,76,215,South Carolina,USA,2017,2,48,2,16,4,4,-7.4,0.0,0.133,0.176,0.627,0.143
452,1627746,Skal Labissiere,1610612737,ATL,24.0,6-10,82,235,Kentucky,Haiti,2016,1,28,33,190,169,42,1.3,0.105,0.155,0.139,0.588,0.106
453,203524,Solomon Hill,1610612748,MIA,29.0,6-6,78,226,Arizona,USA,2013,1,23,59,323,165,104,-2.1,0.026,0.118,0.135,0.535,0.124
454,203915,Spencer Dinwiddie,1610612751,BKN,27.0,6-5,77,215,Colorado,USA,2014,2,38,64,1318,221,432,1.1,0.015,0.085,0.287,0.541,0.344
455,1626169,Stanley Johnson,1610612761,TOR,24.0,6-6,78,242,Arizona,USA,2015,1,8,25,60,37,20,4.8,0.041,0.165,0.214,0.454,0.2
456,1629742,Stanton Kidd,1610612762,UTA,28.0,6-6,78,216,Colorado State,USA,Undrafted,Undrafted,Undrafted,4,0,3,1,2.3,0.0,0.158,0.139,0.0,0.1
457,201939,Stephen Curry,1610612744,GSW,32.0,6-3,75,185,Davidson,USA,2009,1,7,5,104,26,33,-15.3,0.023,0.162,0.286,0.557,0.355
458,1628425,Sterling Brown,1610612749,MIL,25.0,6-5,77,219,Southern Methodist,USA,2017,2,46,52,266,183,51,2.4,0.037,0.168,0.162,0.486,0.094
459,203500,Steven Adams,1610612760,OKC,26.0,6-11,83,265,Pittsburgh,New Zealand,2013,1,12,63,684,583,146,4.4,0.128,0.214,0.168,0.604,0.128
460,1629004,Svi Mykhailiuk,1610612765,DET,23.0,6-7,79,205,Kansas,Ukraine,2018,2,47,56,504,104,106,-0.6,0.013,0.071,0.165,0.578,0.12
461,204456,T.J. McConnell,1610612754,IND,28.0,6-1,73,190,Arizona,USA,Undrafted,Undrafted,Undrafted,71,464,189,355,1.1,0.028,0.107,0.167,0.54,0.354
462,203933,T.J. Warren,1610612754,IND,26.0,6-8,80,220,North Carolina State,USA,2014,1,14,67,1326,280,99,2.7,0.031,0.092,0.229,0.61,0.072
463,1628388,TJ Leaf,1610612754,IND,23.0,6-10,82,222,UCLA,USA,2017,1,18,28,84,71,9,0.2,0.094,0.174,0.18,0.451,0.057
464,1629605,Tacko Fall,1610612738,BOS,24.0,7-5,89,311,None,Senegal,Undrafted,Undrafted,Undrafted,7,23,15,1,12.7,0.036,0.326,0.25,0.751,0.067
465,201959,Taj Gibson,1610612752,NYK,35.0,6-9,81,232,USC,USA,2009,1,26,62,379,267,52,-12.5,0.098,0.158,0.145,0.61,0.077
466,1629659,Talen Horton-Tucker,1610612747,LAL,19.0,6-4,76,234,Iowa State,USA,2019,2,46,6,34,7,6,-9.5,0.022,0.056,0.18,0.535,0.107
467,1629745,Tariq Owens,1610612756,PHX,25.0,6-10,82,205,Texas Tech,USA,Undrafted,Undrafted,Undrafted,3,4,3,0,-43.4,0.105,0.067,0.171,0.34,0.0
468,1627752,Taurean Prince,1610612751,BKN,26.0,6-7,79,218,Baylor,USA,2016,1,12,64,773,381,116,1.3,0.024,0.162,0.2,0.497,0.09
469,1629611,Terance Mann,1610612746,LAC,23.0,6-5,77,215,Florida State,USA,2019,2,48,41,99,55,53,0.1,0.026,0.112,0.123,0.545,0.209
470,1629056,Terence Davis,1610612761,TOR,23.0,6-4,76,201,None,USA,Undrafted,Undrafted,Undrafted,72,543,237,115,7.9,0.039,0.137,0.181,0.588,0.14
471,1628390,Terrance Ferguson,1610612760,OKC,22.0,6-6,78,190,None,USA,2017,1,21,56,220,74,51,-4.0,0.019,0.039,0.092,0.481,0.055
472,203082,Terrence Ross,1610612753,ORL,29.0,6-6,78,206,Washington,USA,2012,1,8,69,1016,222,82,-2.5,0.006,0.108,0.216,0.548,0.072
473,1626179,Terry Rozier,1610612766,CHA,26.0,6-1,73,190,Louisville,USA,2015,1,16,63,1134,276,259,-9.0,0.022,0.107,0.232,0.553,0.209
474,200757,Thabo Sefolosha,1610612745,HOU,36.0,6-6,78,215,None,Switzerland,2006,1,13,41,92,93,25,3.9,0.043,0.152,0.1,0.487,0.074
475,201152,Thaddeus Young,1610612741,CHI,32.0,6-8,80,235,Georgia Tech,USA,2007,1,12,64,659,315,117,-6.2,0.054,0.145,0.192,0.521,0.113
476,203648,Thanasis Antetokounmpo,1610612749,MIL,27.0,6-6,78,219,None,Greece,2014,2,51,20,55,24,15,-6.8,0.085,0.081,0.202,0.496,0.174
477,1629033,Theo Pinson,1610612752,NYK,24.0,6-5,77,212,None,USA,Undrafted,Undrafted,Undrafted,33,120,54,56,-4.6,0.024,0.101,0.218,0.37,0.24
478,1628418,Thomas Bryant,1610612764,WAS,22.0,6-10,82,248,Indiana,USA,2017,2,42,46,609,331,83,-6.6,0.081,0.198,0.185,0.649,0.107
479,1627748,Thon Maker,1610612765,DET,23.0,7-0,84,221,None,South Sudan,2016,1,10,60,281,167,43,-8.0,0.069,0.152,0.16,0.582,0.088
480,204025,Tim Frazier,1610612765,DET,29.0,6-0,72,170,None,USA,Undrafted,Undrafted,Undrafted,27,97,33,93,-6.9,0.024,0.071,0.171,0.464,0.391
481,203501,Tim Hardaway Jr.,1610612742,DAL,28.0,6-5,77,205,Michigan,USA,2013,1,24,71,1121,232,137,5.9,0.011,0.09,0.204,0.581,0.096
482,1627789,Timothe Luwawu-Cabarrot,1610612751,BKN,25.0,6-7,79,220,None,France,2016,1,24,47,365,127,29,-1.3,0.03,0.099,0.162,0.599,0.052
483,202699,Tobias Harris,1610612755,PHI,27.0,6-8,80,226,Tennessee,USA,2011,1,19,72,1411,495,227,3.1,0.027,0.172,0.236,0.556,0.145
484,203107,Tomas Satoransky,1610612741,CHI,28.0,6-7,79,210,None,Czech Republic,2012,2,32,65,644,254,354,-1.5,0.04,0.101,0.165,0.533,0.269
485,1628396,Tony Bradley,1610612762,UTA,22.0,6-10,82,248,North Carolina,USA,2017,1,28,58,285,267,23,0.1,0.158,0.226,0.147,0.681,0.051
486,203503,Tony Snell,1610612765,DET,28.0,6-6,78,213,New Mexico,USA,2013,1,20,59,474,111,127,-5.5,0.005,0.064,0.11,0.598,0.11
487,1628470,Torrey Craig,1610612743,DEN,29.0,6-7,79,221,South Carolina Upstate,USA,Undrafted,Undrafted,Undrafted,58,315,189,47,-5.7,0.058,0.118,0.123,0.553,0.061
488,1629027,Trae Young,1610612737,ATL,21.0,6-1,73,180,Oklahoma,USA,2018,1,5,60,1778,255,560,-4.9,0.014,0.1,0.339,0.595,0.423
489,1629682,Tremont Waters,1610612738,BOS,22.0,5-10,70,175,Louisiana State,USA,2019,2,51,11,40,12,16,8.4,0.0,0.089,0.232,0.381,0.195
490,1626203,Treveon Graham,1610612737,ATL,26.0,6-5,77,219,Va Commonwealth,USA,Undrafted,Undrafted,Undrafted,55,243,150,45,-6.2,0.05,0.099,0.13,0.456,0.069
491,2772,Trevor Ariza,1610612757,POR,35.0,6-8,80,215,UCLA,USA,2004,2,43,53,423,246,91,-0.3,0.022,0.137,0.117,0.593,0.081
492,203504,Trey Burke,1610612742,DAL,27.0,6-0,72,185,Michigan,USA,2013,1,9,33,243,50,83,2.0,0.03,0.066,0.196,0.548,0.234
493,1626168,Trey Lyles,1610612759,SAS,24.0,6-9,81,234,Kentucky,USA,2015,1,12,63,404,361,69,-2.4,0.056,0.228,0.136,0.557,0.072
494,202684,Tristan Thompson,1610612739,CLE,29.0,6-9,81,254,Texas,Canada,2011,1,4,57,684,577,120,-10.1,0.126,0.207,0.181,0.54,0.106
495,1628972,Troy Brown Jr.,1610612764,WAS,20.0,6-6,78,215,Oregon,USA,2018,1,15,69,716,383,178,-5.5,0.04,0.171,0.174,0.524,0.142
496,203584,Troy Daniels,1610612743,DEN,28.0,6-4,76,200,Va Commonwealth,USA,Undrafted,Undrafted,Undrafted,47,200,52,17,0.4,0.02,0.068,0.155,0.518,0.047
497,1629660,Ty Jerome,1610612756,PHX,22.0,6-5,77,195,Virginia,USA,2019,1,24,31,102,46,44,-13.5,0.019,0.12,0.17,0.425,0.222
498,1629076,Tyler Cook,1610612743,DEN,22.0,6-8,80,255,None,USA,Undrafted,Undrafted,Undrafted,13,23,14,1,-9.8,0.103,0.148,0.15,0.741,0.031
499,1629639,Tyler Herro,1610612748,MIA,20.0,6-5,77,195,Kentucky,USA,2019,1,13,55,743,224,121,-1.7,0.011,0.131,0.213,0.55,0.131
500,204020,Tyler Johnson,1610612751,BKN,28.0,6-3,75,186,Fresno State,USA,Undrafted,Undrafted,Undrafted,39,274,76,74,-5.7,0.023,0.076,0.177,0.504,0.153
501,203092,Tyler Zeller,1610612759,SAS,30.0,6-11,83,250,North Carolina,USA,2012,1,17,2,2,4,0,33.3,0.3,0.333,0.267,0.25,0.0
502,1627820,Tyrone Wallace,1610612737,ATL,26.0,6-5,77,198,California,USA,2016,2,60,14,40,22,13,-8.3,0.016,0.123,0.154,0.389,0.123
503,2199,Tyson Chandler,1610612745,HOU,37.0,7-0,84,235,None,USA,2001,1,2,26,34,66,6,5.7,0.097,0.172,0.057,0.717,0.037
504,1626145,Tyus Jones,1610612763,MEM,24.0,6-0,72,196,Duke,USA,2015,1,24,65,484,103,285,-2.3,0.007,0.071,0.165,0.532,0.314
505,2617,Udonis Haslem,1610612748,MIA,40.0,6-8,80,235,Florida,USA,Undrafted,Undrafted,Undrafted,4,12,16,1,-20.2,0.02,0.349,0.147,0.47,0.048
506,1629724,Vic Law,1610612753,ORL,24.0,6-7,79,201,Northwestern,USA,Undrafted,Undrafted,Undrafted,8,15,11,3,-9.7,0.029,0.145,0.15,0.363,0.086
507,203506,Victor Oladipo,1610612754,IND,28.0,6-4,76,213,Indiana,USA,2013,1,2,19,275,75,56,-1.1,0.017,0.116,0.259,0.506,0.159
508,1713,Vince Carter,1610612737,ATL,43.0,6-6,78,220,North Carolina,USA,1998,1,5,60,298,124,48,-8.1,0.019,0.114,0.163,0.47,0.081
509,1629738,Vincent Poirier,1610612738,BOS,26.0,7-0,84,235,None,France,Undrafted,Undrafted,Undrafted,22,41,43,8,-6.5,0.09,0.195,0.141,0.525,0.088
510,1628427,Vlatko Cancar,1610612743,DEN,23.0,6-8,80,236,None,Slovenia,2017,2,49,14,17,10,3,-6.0,0.109,0.119,0.177,0.507,0.086
511,201961,Wayne Ellington,1610612752,NYK,32.0,6-4,76,207,North Carolina,USA,2009,1,28,36,183,65,44,-3.1,0.007,0.104,0.146,0.509,0.117
512,1628976,Wendell Carter Jr.,1610612741,CHI,21.0,6-9,81,270,Duke,USA,2018,1,7,43,484,405,51,-0.5,0.102,0.216,0.162,0.59,0.062
513,1629117,Wenyen Gabriel,1610612757,POR,23.0,6-9,81,205,Kentucky,Sudan,Undrafted,Undrafted,Undrafted,30,63,52,8,-7.2,0.08,0.148,0.124,0.546,0.046
514,1628411,Wes Iwundu,1610612753,ORL,25.0,6-6,78,195,Kansas State,USA,2017,2,33,52,300,131,60,-0.5,0.023,0.109,0.134,0.544,0.089
515,202083,Wesley Matthews,1610612749,MIL,33.0,6-4,76,220,Marquette,USA,Undrafted,Undrafted,Undrafted,67,494,166,92,12.2,0.013,0.073,0.123,0.547,0.07
516,203115,Will Barton,1610612743,DEN,29.0,6-5,77,181,Memphis,USA,2012,2,40,58,874,365,212,5.8,0.04,0.147,0.197,0.549,0.157
517,1629739,William Howard,1610612745,HOU,26.0,6-8,80,207,None,France,Undrafted,Undrafted,Undrafted,2,0,2,1,-51.3,0.0,0.25,0.152,0.0,0.2
518,1626161,Willie Cauley-Stein,1610612742,DAL,26.0,7-0,84,240,Kentucky,USA,2015,1,6,54,390,315,70,-5.5,0.072,0.202,0.144,0.589,0.098
519,1626195,Willy Hernangomez,1610612766,CHA,26.0,6-11,83,250,None,Spain,2015,2,35,31,190,134,29,-2.6,0.105,0.243,0.222,0.576,0.136
520,201163,Wilson Chandler,1610612751,BKN,33.0,6-8,80,235,DePaul,USA,2007,1,23,35,205,145,39,-6.4,0.014,0.164,0.128,0.531,0.08
521,1627812,Yogi Ferrell,1610612758,SAC,27.0,6-0,72,178,Indiana,USA,Undrafted,Undrafted,Undrafted,50,218,49,69,-1.8,0.011,0.085,0.185,0.528,0.196
522,1629139,Yuta Watanabe,1610612763,MEM,25.0,6-8,80,215,George Washington,Japan,Undrafted,Undrafted,Undrafted,18,36,20,5,4.0,0.059,0.118,0.149,0.48,0.066
523,1628380,Zach Collins,1610612757,POR,22.0,6-11,83,250,Gonzaga,USA,2017,1,10,11,77,69,16,6.5,0.095,0.149,0.126,0.538,0.067
524,203897,Zach LaVine,1610612741,CHI,25.0,6-6,78,200,UCLA,USA,2014,1,13,60,1530,289,254,-4.4,0.019,0.125,0.312,0.568,0.218
525,1629668,Zach Norvell Jr.,1610612744,GSW,22.0,6-5,77,205,None,USA,Undrafted,Undrafted,Undrafted,5,10,6,3,-32.3,0.0,0.207,0.147,0.402,0.091
526,1629015,Zhaire Smith,1610612755,PHI,21.0,6-3,75,205,Texas Tech,USA,2018,1,16,7,8,2,2,-12.3,0.0,0.08,0.165,0.313,0.083
527,1629627,Zion Williamson,1610612740,NOP,19.0,6-6,78,284,Duke,USA,2019,1,1,24,540,150,50,5.1,0.092,0.114,0.291,0.616,0.119
528,1629597,Zylan Cheatham,1610612740,NOP,24.0,6-5,77,220,None,USA,Undrafted,Undrafted,Undrafted,4,12,9,3,-23.9,0.062,0.128,0.103,0.667,0.094
