,PLAYER_ID,PLAYER_NAME,TEAM_ID,TEAM_ABBREVIATION,AGE,GP,W,L,W_PCT,MIN,PTS_OFF_TOV,PTS_2ND_CHANCE,PTS_FB,PTS_PAINT,OPP_PTS_OFF_TOV,OPP_PTS_2ND_CHANCE,OPP_PTS_FB,OPP_PTS_PAINT,BLK,BLKA,PF,PFD,NBA_FANTASY_PTS,GP_RANK,W_RANK,L_RANK,W_PCT_RANK,MIN_RANK,PTS_OFF_TOV_RANK,PTS_2ND_CHANCE_RANK,PTS_FB_RANK,PTS_PAINT_RANK,OPP_PTS_OFF_TOV_RANK,OPP_PTS_2ND_CHANCE_RANK,OPP_PTS_FB_RANK,OPP_PTS_PAINT_RANK,BLK_RANK,BLKA_RANK,PF_RANK,PFD_RANK,NBA_FANTASY_PTS1,CFID,CFPARAMS
0,201985,AJ Price,1610612754,IND,24.0,50,22,28,0.44,795.1466666666666,71,31,33,72,220,204,179,602,1,12,61,77,612.9,297,262,221,277,290,226,304,267,321,136,155,139,153,402,152,119,232,287,5,"201985,1610612754"
1,201166,Aaron Brooks,1610612756,PHX,26.0,59,26,33,0.441,1284.1316666666667,105,44,84,188,447,387,454,1230,3,42,115,126,1089.1,239,227,273,275,221,167,263,154,194,233,250,261,248,365,351,232,153,204,5,"201166,1610612756"
2,201189,Aaron Gray,1610612740,NOH,26.0,41,21,20,0.512,530.825,20,48,5,108,135,111,112,364,12,12,96,30,395.2,329,271,128,205,333,345,254,389,275,89,95,94,102,253,152,194,348,329,5,"201189,1610612740"
3,201151,Acie Law,1610612744,GSW,26.0,51,20,31,0.392,725.8783333333333,57,13,76,114,257,228,272,648,0,19,61,60,469.6,294,280,246,314,305,250,366,169,269,151,169,189,162,426,223,119,271,309,5,"201151,1610612744"
4,1733,Al Harrington,1610612743,DEN,31.0,73,45,28,0.616,1664.5483333333334,135,114,59,278,566,454,467,1478,10,43,202,112,1355.9,139,69,221,115,171,108,92,204,135,287,287,271,296,265,362,402,176,160,5,"1733,1610612743"
5,201143,Al Horford,1610612737,ATL,25.0,77,41,36,0.532,2703.7066666666665,149,196,101,552,789,683,770,2264,80,36,193,174,2736.6,103,96,319,179,34,94,24,125,46,390,398,418,415,29,322,387,99,20,5,"201143,1610612737"
6,2744,Al Jefferson,1610612762,UTA,26.0,82,39,43,0.476,2940.4133333333334,190,296,55,930,1004,823,804,2608,153,91,238,254,3196.3,2,116,379,244,10,53,7,217,8,443,442,429,444,5,442,435,49,14,5,"2744,1610612762"
7,201154,Al Thornton,1610612744,GSW,27.0,71,21,50,0.296,1383.5916666666667,110,69,113,258,484,370,474,1250,12,24,143,111,949.6,167,271,418,378,216,151,181,107,148,248,242,278,255,253,251,283,178,224,5,"201154,1610612744"
8,202329,Al-Farouq Aminu,1610612746,LAC,20.0,81,31,50,0.383,1451.835,92,75,119,208,642,370,401,1180,25,37,121,92,1016.4,33,190,418,323,205,186,159,99,177,318,242,245,241,161,331,248,212,215,5,"202329,1610612746"
9,201582,Alexis Ajinca,1610612761,TOR,23.0,34,6,28,0.176,339.84,10,22,10,50,145,78,113,256,19,5,73,20,323.6,357,408,221,439,371,384,335,361,347,95,69,96,77,198,76,141,366,352,5,"201582,1610612761"
10,202087,Alonzo Gee,1610612739,CLE,24.0,56,16,40,0.286,1117.3883333333333,64,83,57,186,388,346,358,1078,18,38,94,62,725.4,267,331,353,386,242,240,142,212,196,213,228,221,228,202,333,189,266,263,5,"202087,1610612739"
11,2405,Amar'e Stoudemire,1610612752,NYK,28.0,78,39,39,0.5,2870.0116666666668,285,247,124,1010,946,848,736,2798,150,120,274,473,3450.2,90,116,344,215,17,12,11,94,3,435,444,405,448,6,451,451,3,6,5,"2405,1610612752"
12,101161,Amir Johnson,1610612761,TOR,24.0,72,20,52,0.278,1852.6516666666666,116,166,169,468,599,545,600,1832,88,48,263,156,1716.7,151,280,431,392,141,136,46,50,67,302,335,346,344,25,381,446,118,115,5,"101161,1610612761"
13,2760,Anderson Varejao,1610612739,CLE,28.0,31,8,23,0.258,993.895,54,56,27,194,315,247,317,802,38,21,87,86,865.7,362,391,166,403,257,257,223,284,189,183,183,203,186,101,232,174,219,236,5,"2760,1610612739"
14,101154,Andray Blatche,1610612764,WAS,24.0,64,21,43,0.328,2171.931666666667,206,170,109,594,798,591,740,2034,51,79,182,228,2198.2,213,271,379,360,98,39,43,116,35,395,353,408,374,66,431,371,62,62,5,"101154,1610612764"
15,2738,Andre Iguodala,1610612755,PHI,27.0,67,36,31,0.537,2468.6883333333335,192,71,250,336,721,607,663,2078,38,23,109,247,2321.4,195,145,246,174,61,51,172,22,118,356,363,374,378,101,248,219,51,55,5,"2738,1610612755"
16,1889,Andre Miller,1610612757,POR,35.0,81,47,34,0.58,2649.72,134,97,109,486,787,709,630,2098,12,60,171,227,2421.4,33,60,288,142,37,110,115,116,58,389,411,355,384,253,406,348,64,46,5,"1889,1610612757"
17,200745,Andrea Bargnani,1610612761,TOR,25.0,66,19,47,0.288,2353.048333333333,163,120,118,470,837,663,846,2442,46,49,160,295,2092.1,202,290,400,384,76,81,78,103,66,409,386,438,431,80,385,328,34,69,5,"200745,1610612761"
18,1905,Andrei Kirilenko,1610612762,UTA,30.0,64,33,31,0.516,1998.9833333333333,113,116,98,336,698,541,562,1726,74,36,113,200,1778.4,213,174,246,199,129,142,86,130,118,343,333,329,328,34,322,226,80,107,5,"1905,1610612762"
19,2804,Andres Nocioni,1610612755,PHI,31.0,54,23,31,0.426,930.8183333333334,57,31,79,116,322,237,319,814,15,16,100,61,637.3,275,252,246,290,269,250,304,165,267,185,177,205,187,230,187,203,269,283,5,"2804,1610612755"
20,101106,Andrew Bogut,1610612749,MIL,26.0,65,28,37,0.431,2297.3733333333334,104,166,16,690,724,565,593,1728,168,36,217,243,2410.5,206,212,331,285,82,168,46,324,20,357,343,343,329,4,322,419,53,49,5,"101106,1610612749"
21,101115,Andrew Bynum,1610612747,LAL,23.0,54,36,18,0.667,1500.005,78,173,32,462,461,382,456,1146,106,31,140,152,1632.1,275,145,111,95,199,205,41,273,71,239,248,264,237,17,297,280,122,123,5,"101115,1610612747"
22,2740,Andris Biedrins,1610612744,GSW,25.0,59,26,33,0.441,1397.09,30,69,6,274,580,386,646,1364,52,14,198,54,1150.2,239,227,273,275,212,321,181,381,139,295,249,365,271,62,169,396,282,194,5,"2740,1610612744"
23,202360,Andy Rautins,1610612752,NYK,24.0,5,2,3,0.4,24.1,4,2,0,0,17,6,9,20,0,0,0,1,9.7,433,432,17,307,438,410,404,422,443,23,10,13,16,426,1,1,439,441,5,"202360,1610612752"
24,1712,Antawn Jamison,1610612739,CLE,35.0,56,9,47,0.161,1842.1966666666667,140,150,97,390,571,523,521,1644,30,30,137,205,1762.5,267,385,400,443,142,101,56,132,90,288,327,308,318,133,288,276,76,111,5,"1712,1610612739"
25,1853,Anthony Carter,1610612752,NYK,36.0,33,20,13,0.606,463.2966666666667,34,7,24,52,151,125,103,352,6,2,49,13,334.7,359,280,77,122,348,308,383,294,340,102,104,87,101,310,36,106,388,350,5,"1853,1610612752"
26,201627,Anthony Morrow,1610612751,NJN,25.0,58,17,41,0.293,1856.4266666666667,109,82,112,136,589,486,536,1648,7,24,135,77,1096.4,251,315,364,379,140,157,144,109,245,299,304,318,320,296,251,270,232,202,5,"201627,1610612751"
27,1515,Anthony Parker,1610612739,CLE,36.0,72,18,54,0.25,2091.18,78,51,67,78,676,554,637,1772,10,16,109,107,1339.6,151,303,436,406,117,205,244,186,308,334,340,360,332,265,187,219,182,163,5,"1515,1610612739"
28,201576,Anthony Randolph,1610612750,MIN,21.0,40,11,29,0.275,589.6416666666667,45,54,39,170,262,176,196,546,24,16,62,73,631.5,337,366,230,393,324,278,231,256,209,155,141,152,141,167,187,123,242,284,5,"201576,1610612750"
29,201229,Anthony Tolliver,1610612750,MIN,26.0,65,12,53,0.185,1362.415,74,71,33,134,517,392,421,1078,28,18,145,140,1030.0,206,362,433,437,217,216,172,267,249,258,251,254,228,144,212,293,133,213,5,"201229,1610612750"
30,101120,Antoine Wright,1610612758,SAC,27.0,7,2,5,0.286,31.36,0,2,0,2,13,13,10,32,0,0,3,1,7.6,428,432,32,386,436,429,404,422,430,18,23,19,20,426,1,16,439,444,5,"101120,1610612758"
31,1498,Antonio Daniels,1610612755,PHI,36.0,4,1,3,0.25,35.29666666666667,0,0,2,4,10,9,9,22,0,0,0,3,14.0,437,439,17,406,433,429,425,406,421,15,19,13,17,426,1,1,425,436,5,"1498,1610612755"
32,686,Antonio McDyess,1610612759,SAS,36.0,73,54,19,0.74,1386.4616666666666,28,75,21,132,482,366,405,1172,39,9,163,76,1143.0,139,38,121,42,214,325,159,308,252,247,240,249,238,98,117,335,236,195,5,"686,1610612759"
33,202356,Armon Johnson,1610612757,POR,22.0,38,20,18,0.526,277.43666666666667,21,20,17,62,107,79,67,238,1,7,31,22,200.7,343,280,111,187,385,341,342,320,326,77,70,65,70,402,91,77,359,378,5,"202356,1610612757"
34,201167,Arron Afflalo,1610612743,DEN,25.0,69,40,29,0.58,2324.2933333333335,144,84,162,298,702,643,621,2006,31,39,153,116,1544.2,186,106,230,142,77,99,139,62,126,346,377,353,370,127,341,310,170,132,5,"201167,1610612743"
35,201948,Austin Daye,1610612765,DET,23.0,72,26,46,0.361,1446.115,82,97,66,134,509,421,423,1266,39,22,165,95,1157.8,151,227,395,342,206,200,115,190,249,256,261,257,258,98,241,343,204,190,5,"201948,1610612765"
36,202340,Avery Bradley,1610612738,BOS,20.0,31,21,10,0.677,162.49,16,6,12,30,85,55,65,130,0,7,20,11,101.4,362,271,59,86,398,361,390,340,373,65,59,64,51,426,91,55,392,402,5,"202340,1610612738"
37,1884,Baron Davis,1610612739,CLE,32.0,58,24,34,0.414,1649.2883333333334,136,65,102,310,574,436,469,1336,28,32,143,107,1705.7,251,243,288,301,173,107,197,124,124,290,278,275,270,144,304,283,182,116,5,"1884,1610612739"
38,2732,Ben Gordon,1610612765,DET,28.0,82,30,52,0.366,2130.86,145,84,118,182,707,610,700,1938,16,30,178,132,1462.5,2,196,431,339,108,97,139,103,203,349,366,391,357,223,288,364,145,142,5,"2732,1610612765"
39,202386,Ben Uzoh,1610612751,NJN,23.0,42,6,36,0.143,437.5783333333333,35,19,32,100,121,125,104,338,8,17,29,36,372.7,323,408,319,445,355,305,345,273,288,82,104,88,96,288,203,68,331,337,5,"202386,1610612751"
40,1112,Ben Wallace,1610612765,DET,36.0,54,20,34,0.37,1238.1833333333334,14,53,8,126,403,356,422,1070,54,14,81,81,962.0,275,280,288,335,226,364,237,369,257,219,232,256,227,59,169,161,225,219,5,"1112,1610612765"
41,2757,Beno Udrih,1610612758,SAC,28.0,79,24,55,0.304,2733.5133333333333,193,69,159,376,1049,717,1011,2536,9,36,181,201,2151.0,79,243,439,373,31,49,181,66,98,448,414,448,440,275,322,368,79,64,5,"2757,1610612758"
42,201933,Blake Griffin,1610612746,LAC,22.0,82,32,50,0.39,3111.4733333333334,321,331,282,1128,1242,859,905,2712,45,93,252,615,3600.8,2,183,418,315,5,7,5,14,2,452,446,443,447,83,443,442,2,3,5,"201933,1610612746"
43,2250,Bobby Simmons,1610612759,SAS,31.0,2,2,0,1.0,15.518333333333333,0,0,0,0,4,6,2,6,0,0,2,0,3.0,447,432,1,1,445,429,425,422,443,7,10,3,4,426,1,10,444,449,5,"2250,1610612759"
44,2564,Boris Diaw,1610612766,CHA,29.0,82,34,48,0.415,2778.275,122,101,69,466,947,754,834,2398,46,30,190,138,2120.3,2,165,407,298,24,125,105,183,69,436,427,435,427,80,288,384,136,67,5,"2564,1610612766"
45,1802,Brad Miller,1610612745,HOU,35.0,60,32,28,0.533,1015.4266666666666,54,53,11,102,358,278,262,938,21,21,98,95,958.9,235,183,221,176,254,257,237,348,284,198,195,182,208,181,232,199,204,220,5,"1802,1610612745"
46,201148,Brandan Wright,1610612751,NJN,23.0,37,14,23,0.378,378.67333333333335,26,32,23,106,161,111,112,338,17,10,34,29,335.8,347,345,166,325,362,331,301,301,277,104,95,94,96,211,131,81,350,348,5,"201148,1610612751"
47,101138,Brandon Bass,1610612753,ORL,26.0,76,49,27,0.645,1980.195,122,160,54,358,686,475,425,1546,52,47,159,162,1588.3,111,48,208,105,130,125,50,222,107,336,298,258,307,62,377,322,110,126,5,"101138,1610612753"
48,201943,Brandon Jennings,1610612749,MIL,21.0,63,27,36,0.429,2168.64,204,74,167,356,664,502,573,1708,21,51,131,188,1959.3,222,220,319,287,99,42,163,53,109,326,313,335,326,181,391,265,86,89,5,"201943,1610612749"
49,200750,Brandon Roy,1610612757,POR,26.0,47,25,22,0.532,1309.71,116,64,45,184,373,352,277,1050,12,25,76,148,1003.7,309,231,155,179,220,136,201,237,198,210,231,191,224,253,256,148,125,216,5,"200750,1610612757"
50,201575,Brandon Rush,1610612754,IND,25.0,67,27,40,0.403,1753.8816666666667,85,68,67,148,619,477,490,1390,35,34,107,80,1119.4,195,220,353,306,153,196,186,186,231,311,299,293,279,111,309,217,227,196,5,"201575,1610612754"
51,2217,Brendan Haywood,1610612742,DAL,31.0,72,50,22,0.694,1331.365,47,101,36,246,458,362,397,1190,74,26,146,145,1018.7,151,47,155,76,218,273,105,263,155,238,235,243,243,34,266,295,129,214,5,"2217,1610612742"
52,2073,Brian Cardinal,1610612742,DAL,34.0,56,37,19,0.661,617.975,8,5,12,2,190,146,173,536,7,4,82,44,351.8,267,136,121,99,316,389,393,340,430,118,119,134,140,296,71,163,305,341,5,"2073,1610612742"
53,2567,Brian Cook,1610612746,LAC,30.0,40,8,32,0.2,447.22833333333335,36,21,11,46,172,108,118,314,11,7,75,26,374.7,337,391,262,430,353,298,339,348,352,109,91,99,89,260,91,145,355,336,5,"2567,1610612746"
54,2243,Brian Scalabrine,1610612741,CHI,33.0,18,12,6,0.667,87.97833333333334,2,0,2,4,39,43,28,68,4,1,18,2,54.6,402,362,41,95,418,419,425,406,421,41,54,35,30,346,22,51,433,421,5,"2243,1610612741"
55,1730,Brian Skinner,1610612749,MIL,35.0,2,2,0,1.0,5.883333333333334,0,0,0,0,7,3,4,10,0,0,0,0,0.0,447,432,1,1,449,429,425,422,443,12,8,7,7,426,1,1,444,450,5,"1730,1610612749"
56,201572,Brook Lopez,1610612751,NJN,23.0,82,24,58,0.293,2888.755,188,238,114,958,922,763,809,2588,120,82,240,366,2777.1,2,243,443,379,14,55,12,106,5,431,434,430,442,14,436,437,18,19,5,"201572,1610612751"
57,201957,Byron Mullens,1610612760,OKC,22.0,13,8,5,0.615,85.09333333333333,5,7,2,14,34,21,27,74,3,2,11,10,60.8,413,391,32,116,419,407,383,406,397,37,31,33,33,365,36,34,398,416,5,"201957,1610612760"
58,201228,C.J. Watson,1610612741,CHI,27.0,82,62,20,0.756,1090.7333333333333,63,28,56,78,310,240,259,720,11,25,82,100,921.8,2,1,128,22,247,242,318,214,308,179,179,179,177,260,256,163,195,230,5,"201228,1610612741"
59,101139,CJ Miles,1610612762,UTA,24.0,78,36,42,0.462,1968.6183333333333,212,82,169,372,672,510,531,1468,38,46,221,160,1751.5,90,145,373,255,132,33,144,50,102,328,318,315,292,101,375,423,112,112,5,"101139,1610612762"
60,201171,Carl Landry,1610612740,NOH,27.0,76,25,51,0.329,2007.895,127,194,71,466,698,540,646,1892,32,54,196,242,1520.9,111,231,428,359,128,116,28,176,69,343,332,365,352,123,396,392,54,137,5,"201171,1610612740"
61,2306,Carlos Arroyo,1610612738,BOS,31.0,64,43,21,0.672,1184.755,44,7,19,28,368,294,320,1008,1,3,71,50,627.1,213,81,144,88,231,280,383,315,375,206,203,206,216,402,57,136,290,285,5,"2306,1610612738"
62,2430,Carlos Boozer,1610612741,CHI,29.0,59,47,12,0.797,1881.7616666666668,125,177,71,642,613,429,517,1458,18,86,186,180,1968.5,239,60,68,13,136,121,39,176,25,308,272,306,289,202,439,381,94,87,5,"2430,1610612741"
63,2568,Carlos Delfino,1610612749,MIL,28.0,49,21,28,0.429,1590.4633333333334,108,56,63,100,500,379,390,1254,8,28,72,66,1168.0,299,271,221,287,181,161,223,195,288,254,245,238,257,288,276,138,258,188,5,"2568,1610612749"
64,2546,Carmelo Anthony,1610612752,NYK,27.0,77,43,34,0.558,2751.25,235,231,193,682,914,857,737,2496,46,108,224,422,3113.1,103,81,288,156,29,26,16,40,21,427,445,406,436,80,447,425,8,16,5,"2546,1610612752"
65,2406,Caron Butler,1610612742,DAL,31.0,29,21,8,0.724,867.1683333333333,86,31,84,104,257,205,262,722,8,21,59,68,705.6,371,271,45,48,278,194,304,154,279,151,157,182,178,288,232,115,255,269,5,"2406,1610612742"
66,201858,Cartier Martin,1610612764,WAS,26.0,52,19,33,0.365,542.1883333333334,27,24,28,32,208,157,152,450,6,8,52,38,380.8,288,290,273,340,332,327,328,282,367,129,127,119,121,310,103,110,322,335,5,"201858,1610612764"
67,101112,Channing Frye,1610612756,PHX,28.0,77,39,38,0.506,2541.1266666666666,172,100,61,170,820,726,654,2176,79,14,272,123,2037.6,103,116,336,211,53,69,108,201,209,400,416,371,403,32,169,449,156,76,5,"101112,1610612756"
68,2294,Charlie Bell,1610612744,GSW,32.0,19,7,12,0.368,170.925,8,2,7,4,72,55,53,142,1,3,13,7,88.1,400,399,68,336,395,389,404,375,421,60,59,56,56,402,57,38,406,405,5,"2294,1610612744"
69,101111,Charlie Villanueva,1610612765,DET,26.0,76,27,49,0.355,1665.6583333333333,164,113,71,242,575,473,527,1506,42,11,175,95,1452.0,111,220,412,344,170,78,95,176,157,292,297,311,303,91,140,356,204,145,5,"101111,1610612765"
70,201978,Chase Budinger,1610612745,HOU,23.0,78,41,37,0.526,1737.5233333333333,132,120,108,282,535,503,485,1638,18,43,114,102,1402.7,90,96,331,187,157,111,78,120,133,269,315,286,317,202,362,230,190,152,5,"201978,1610612745"
71,1497,Chauncey Billups,1610612752,NYK,34.0,72,38,34,0.528,2310.1433333333334,163,70,163,198,729,733,633,2102,14,43,146,258,2094.5,151,130,288,184,79,81,176,58,184,360,420,358,385,239,362,295,44,68,5,"1497,1610612752"
72,2365,Chris Andersen,1610612743,DEN,32.0,45,29,16,0.644,732.32,50,65,17,150,232,182,198,594,58,16,79,114,760.8,315,202,98,107,304,263,197,320,229,139,147,154,152,52,187,157,175,254,5,"2365,1610612743"
73,2547,Chris Bosh,1610612748,MIA,27.0,77,55,22,0.714,2794.7633333333333,186,190,67,580,875,703,734,2240,49,52,172,357,2609.2,103,28,155,53,22,56,31,186,38,420,410,404,409,72,393,351,20,30,5,"2547,1610612748"
74,201604,Chris Douglas-Roberts,1610612749,MIL,24.0,44,19,25,0.432,884.07,72,15,63,136,277,233,231,728,13,29,73,70,594.6,318,290,190,283,275,219,358,195,245,164,173,168,180,247,282,141,250,290,5,"201604,1610612749"
75,2768,Chris Duhon,1610612753,ORL,28.0,51,36,15,0.706,774.0233333333333,21,12,11,60,310,175,184,580,2,14,30,36,357.4,294,145,91,59,294,341,372,348,327,179,138,145,150,388,169,73,331,339,5,"2768,1610612753"
76,202419,Chris Johnson,1610612757,POR,25.0,14,10,4,0.714,138.88333333333333,7,8,6,18,50,48,49,132,9,2,21,14,101.9,412,374,25,53,404,395,381,381,389,49,57,53,52,275,36,57,384,400,5,"202419,1610612757"
77,2549,Chris Kaman,1610612746,LAC,29.0,32,11,21,0.344,837.54,56,72,27,184,302,233,237,762,48,21,75,40,870.0,361,366,144,351,286,255,170,284,198,175,173,172,183,76,232,145,315,235,5,"2549,1610612746"
78,101108,Chris Paul,1610612740,NOH,26.0,80,45,35,0.563,2879.6433333333334,237,95,178,378,795,608,673,2276,5,29,196,385,3235.4,53,69,306,154,15,25,119,49,97,393,364,381,416,327,282,392,14,13,5,"101108,1610612740"
79,200809,Chris Quinn,1610612759,SAS,27.0,41,33,8,0.805,292.055,10,6,1,26,104,98,96,278,1,4,29,9,180.0,329,174,45,9,380,384,390,420,378,74,85,81,83,402,71,68,401,382,5,"200809,1610612759"
80,2404,Chris Wilcox,1610612765,DET,28.0,57,22,35,0.386,994.6933333333334,61,99,51,336,336,263,318,924,17,17,145,75,908.7,259,262,306,319,256,244,111,227,118,191,190,204,205,211,203,293,238,231,5,"2404,1610612765"
81,201963,Christian Eyenga,1610612739,CLE,22.0,44,10,34,0.227,946.885,70,30,68,138,337,278,270,914,28,24,78,28,642.1,318,374,288,422,265,229,309,184,241,192,195,186,204,144,251,154,351,281,5,"201963,1610612739"
82,101236,Chuck Hayes,1610612745,HOU,28.0,74,41,33,0.554,2079.16,77,175,43,476,605,581,611,1976,49,72,200,131,1901.8,132,96,273,162,118,210,40,248,61,305,349,350,364,72,426,399,146,95,5,"101236,1610612745"
83,202332,Cole Aldrich,1610612760,OKC,22.0,18,11,7,0.611,141.47666666666666,0,7,0,16,48,35,62,150,7,2,30,5,94.0,402,366,43,121,403,429,383,422,392,47,48,62,59,296,36,73,418,403,5,"202332,1610612760"
84,201147,Corey Brewer,1610612742,DAL,25.0,69,22,47,0.319,1510.4233333333334,135,70,147,242,600,460,507,1284,16,31,159,158,1156.5,186,262,400,365,197,108,176,76,157,303,292,300,264,223,297,322,114,191,5,"201147,1610612742"
85,1894,Corey Maggette,1610612749,MIL,31.0,67,25,42,0.373,1400.5033333333333,131,75,144,228,449,363,354,1114,5,37,175,225,1171.2,195,231,373,332,211,112,159,77,168,234,238,220,235,327,331,356,65,187,5,"1894,1610612749"
86,201584,Courtney Lee,1610612745,HOU,25.0,81,43,38,0.531,1722.6216666666667,138,73,141,226,608,538,479,1646,18,27,102,83,1232.8,33,81,336,181,159,104,165,83,170,306,331,282,319,202,271,208,222,176,5,"201584,1610612745"
87,202342,Craig Brackins,1610612755,PHI,23.0,3,0,3,0.0,32.82666666666667,2,2,0,2,4,6,2,14,0,1,3,2,17.3,442,449,17,449,435,419,404,422,430,7,10,3,11,426,22,16,433,434,5,"202342,1610612755"
88,200783,Craig Smith,1610612746,LAC,27.0,48,17,31,0.354,586.335,41,45,18,178,197,141,166,466,7,17,84,54,480.9,306,315,246,345,326,291,260,317,206,122,115,129,125,296,203,169,282,308,5,"200783,1610612746"
89,201571,D.J. Augustin,1610612766,CHA,23.0,82,34,48,0.415,2757.095,209,93,203,390,932,755,867,2424,3,81,152,232,2211.0,2,165,407,298,28,35,123,37,90,433,428,440,429,365,433,309,57,59,5,"201571,1610612766"
90,2788,DJ Mbenga,1610612740,NOH,30.0,41,20,21,0.488,329.8333333333333,7,22,11,44,116,76,81,254,27,3,52,17,249.2,329,280,144,234,373,395,335,348,354,81,67,74,76,153,57,110,375,369,5,"2788,1610612740"
91,201591,DJ White,1610612766,CHA,24.0,47,23,24,0.489,684.655,42,67,27,132,208,178,183,562,20,9,77,44,568.1,309,252,175,231,310,290,191,284,252,129,145,144,147,191,117,151,305,295,5,"201591,1610612766"
92,201969,DaJuan Summers,1610612765,DET,23.0,22,5,17,0.227,198.76166666666666,13,9,6,16,63,62,77,184,1,6,21,11,90.4,392,416,102,422,390,368,378,381,392,57,62,69,65,402,85,57,392,404,5,"201969,1610612765"
93,201161,Daequan Cook,1610612760,OKC,24.0,43,30,13,0.698,598.255,27,16,29,6,187,151,168,510,1,3,51,11,383.4,320,196,77,65,320,327,355,280,415,116,121,130,133,402,57,109,392,334,5,"201161,1610612760"
94,2563,Dahntay Jones,1610612754,IND,30.0,45,22,23,0.489,588.9533333333334,44,17,44,98,211,162,162,498,7,13,70,72,460.5,315,262,166,231,325,280,352,241,292,132,130,124,132,296,161,135,245,310,5,"2563,1610612754"
95,2863,Damien Wilkins,1610612737,ATL,31.0,52,25,27,0.481,676.4533333333334,33,31,51,92,252,202,225,584,9,10,72,41,436.5,288,231,208,241,312,313,304,227,296,149,154,163,151,275,131,138,313,314,5,"2863,1610612737"
96,202345,Damion James,1610612751,NJN,23.0,25,7,18,0.28,402.93833333333333,14,11,16,52,139,93,149,318,12,9,36,18,301.0,382,399,111,391,360,364,374,324,340,91,84,117,92,253,117,85,371,357,5,"202345,1610612751"
97,2429,Dan Gadzuric,1610612751,NJN,33.0,42,13,29,0.31,462.695,34,50,13,94,171,121,158,348,29,9,91,35,398.0,323,355,230,369,350,308,245,335,294,107,99,123,98,140,117,184,335,326,5,"2429,1610612751"
98,200789,Daniel Gibson,1610612739,CLE,25.0,67,18,49,0.269,1865.0316666666668,112,49,97,154,562,469,489,1502,21,39,154,138,1420.9,195,303,412,398,138,147,248,132,220,285,295,290,302,181,341,313,136,149,5,"200789,1610612739"
99,201568,Danilo Gallinari,1610612743,DEN,22.0,62,34,28,0.548,2104.03,156,81,165,242,741,591,526,2014,27,24,144,297,1643.0,227,165,221,165,111,89,148,55,157,362,353,310,371,153,251,289,33,122,5,"201568,1610612743"
100,101122,Danny Granger,1610612754,IND,28.0,79,36,43,0.456,2762.9983333333334,249,182,254,476,1007,759,764,2276,62,102,213,327,2683.5,79,145,379,261,26,18,35,21,61,445,430,414,416,49,445,416,27,23,5,"101122,1610612754"
101,201980,Danny Green,1610612759,SAS,24.0,8,5,3,0.625,91.49666666666667,12,2,6,12,23,27,9,78,1,1,7,4,66.0,425,416,17,110,416,371,404,381,401,27,39,13,34,402,22,27,422,415,5,"201980,1610612759"
102,201967,Dante Cunningham,1610612766,CHA,24.0,78,39,39,0.5,1636.9333333333334,96,85,62,186,529,456,384,1370,43,22,177,59,1118.9,90,116,344,215,176,178,137,198,196,266,290,235,276,90,241,361,273,197,5,"201967,1610612766"
103,2443,Darius Songaila,1610612755,PHI,33.0,10,4,6,0.4,70.57166666666667,0,2,2,6,28,9,29,72,0,1,16,4,27.0,422,422,41,307,423,429,404,406,415,31,19,37,32,426,22,48,422,431,5,"2443,1610612755"
104,2545,Darko Milicic,1610612750,MIN,26.0,69,15,54,0.217,1686.2733333333333,80,116,27,506,700,502,660,1486,140,41,229,102,1625.0,186,336,436,428,164,202,86,284,53,345,313,372,297,10,348,429,190,124,5,"2545,1610612750"
105,201616,Darnell Jackson,1610612758,SAC,25.0,59,18,41,0.305,485.8233333333333,43,35,37,102,204,137,187,436,3,11,61,39,342.8,239,303,364,372,342,285,288,261,284,125,113,146,118,365,140,119,319,345,5,"201616,1610612758"
106,201589,Darrell Arthur,1610612763,MEM,23.0,80,45,35,0.563,1608.4466666666667,120,115,91,362,471,418,454,1252,63,31,228,119,1475.9,53,69,306,154,178,130,89,143,105,243,258,261,256,46,297,428,161,140,5,"201589,1610612763"
107,201954,Darren Collison,1610612754,IND,23.0,79,36,43,0.456,2360.135,193,78,272,456,929,675,747,2084,14,55,109,170,2022.5,79,145,379,261,74,49,154,15,74,432,396,412,382,239,398,219,102,79,5,"201954,1610612754"
108,2431,David Andersen,1610612740,NOH,31.0,40,17,23,0.425,372.52166666666665,20,26,8,22,134,91,114,292,9,11,40,22,274.3,337,315,166,293,365,345,324,369,384,88,83,97,86,275,140,92,359,363,5,"2431,1610612740"
109,101135,David Lee,1610612744,GSW,28.0,73,35,38,0.479,2634.285,185,225,137,634,959,824,1115,2582,31,66,211,211,2554.3,139,160,336,243,40,57,17,86,27,438,443,450,441,127,416,414,72,38,5,"101135,1610612744"
110,2561,David West,1610612740,NOH,30.0,70,40,30,0.571,2450.5266666666666,196,200,46,606,683,515,570,1930,62,69,202,262,2447.8,177,106,238,147,64,47,21,235,32,335,322,332,355,49,421,402,42,45,5,"2561,1610612740"
111,201599,DeAndre Jordan,1610612746,LAC,22.0,80,31,49,0.388,2046.765,53,188,59,468,836,606,598,1712,142,28,255,187,1767.0,53,190,412,316,125,259,32,204,67,408,362,345,327,8,276,443,89,108,5,"201599,1610612746"
112,201971,DeJuan Blair,1610612759,SAS,22.0,81,60,21,0.741,1733.5233333333333,94,179,89,556,539,451,532,1520,42,61,213,119,1765.5,33,9,144,40,158,183,37,146,44,271,284,316,304,91,408,416,161,109,5,"201971,1610612759"
113,201942,DeMar DeRozan,1610612761,TOR,21.0,82,22,60,0.268,2851.025,243,121,272,622,1005,782,1001,2916,31,90,217,307,2214.0,2,262,449,399,18,21,77,15,29,444,437,447,450,127,440,419,32,58,5,"201942,1610612761"
114,202326,DeMarcus Cousins,1610612758,SAC,20.0,81,23,58,0.284,2309.4266666666667,157,279,54,606,874,611,891,2244,68,113,332,373,2478.8,33,252,443,389,80,88,8,222,32,418,367,442,410,42,450,452,17,43,5,"202326,1610612758"
115,201960,DeMarre Carroll,1610612745,HOU,24.0,12,7,5,0.583,50.013333333333335,2,0,2,8,10,10,17,52,1,2,5,6,31.6,417,399,32,138,430,419,425,406,412,15,22,28,25,402,36,24,410,429,5,"201960,1610612745"
116,2205,DeSagana Diop,1610612766,CHA,29.0,16,6,10,0.375,181.08833333333334,4,2,0,10,79,45,55,156,15,1,26,7,124.5,409,408,59,327,393,410,404,422,406,63,55,57,60,230,22,65,406,393,5,"2205,1610612766"
117,2052,DeShawn Stevenson,1610612742,DAL,30.0,72,49,23,0.681,1158.3883333333333,66,32,63,32,367,272,349,1068,5,11,71,58,659.7,151,48,166,83,236,238,301,195,367,204,192,219,226,327,140,136,276,277,5,"2052,1610612742"
118,2753,Delonte West,1610612738,BOS,27.0,24,13,11,0.542,453.1433333333333,18,5,12,42,150,123,78,348,10,9,29,17,335.4,384,355,63,169,352,354,393,340,359,99,101,71,98,265,117,68,375,349,5,"2753,1610612738"
119,965,Derek Fisher,1610612747,LAL,36.0,82,57,25,0.695,2297.008333333333,89,50,75,104,687,602,648,1920,8,28,192,142,1327.4,2,15,190,69,83,191,245,171,279,337,360,367,354,288,276,386,130,165,5,"965,1610612747"
120,101114,Deron Williams,1610612751,NJN,27.0,65,33,32,0.508,2464.911666666667,208,93,269,434,775,677,652,2158,15,61,190,341,2673.5,206,174,262,208,62,36,123,17,79,378,397,369,397,230,408,384,24,24,5,"101114,1610612751"
121,201974,Derrick Brown,1610612752,NYK,23.0,49,22,27,0.449,575.3666666666667,49,39,45,138,238,170,179,476,10,11,59,50,408.3,299,262,208,265,330,266,279,237,241,143,135,139,126,265,140,115,290,321,5,"201974,1610612752"
122,202382,Derrick Caracter,1610612747,LAL,23.0,41,29,12,0.707,215.00333333333333,4,27,2,52,104,84,89,204,10,9,47,21,166.1,329,202,68,58,388,410,322,406,340,74,78,76,66,265,117,103,362,385,5,"202382,1610612747"
123,202324,Derrick Favors,1610612762,UTA,19.0,78,25,53,0.321,1535.7216666666666,69,167,49,388,549,421,460,1246,68,35,246,122,1299.9,90,231,433,363,193,230,45,230,93,276,261,266,253,42,317,440,157,168,5,"202324,1610612762"
124,201565,Derrick Rose,1610612741,CHI,22.0,81,62,19,0.765,3025.8366666666666,321,171,345,806,993,775,835,2360,51,127,136,390,3486.5,33,1,121,18,9,7,42,7,13,442,436,436,426,66,452,272,13,5,5,"201565,1610612741"
125,202365,Devin Ebanks,1610612747,LAL,21.0,20,15,5,0.75,117.61,16,13,23,32,56,39,62,136,5,5,7,14,118.4,397,336,32,32,410,361,366,301,367,52,51,62,54,327,76,27,384,395,5,"202365,1610612747"
126,2734,Devin Harris,1610612762,UTA,28.0,71,24,47,0.338,2253.78,154,58,229,416,776,597,606,1948,7,55,163,351,2060.3,167,243,400,354,89,92,219,27,85,379,355,348,360,296,398,335,23,73,5,"2734,1610612762"
127,202354,Dexter Pittman,1610612748,MIA,23.0,2,2,0,1.0,11.233333333333333,0,0,0,2,4,0,6,18,0,0,2,0,3.6,447,432,1,1,447,429,425,422,430,7,1,10,15,426,1,10,444,447,5,"202354,1610612748"
128,1717,Dirk Nowitzki,1610612742,DAL,33.0,73,55,18,0.753,2503.9366666666665,221,116,142,382,808,647,729,2168,47,31,172,353,2699.6,139,28,111,30,58,32,86,80,95,397,379,401,401,78,297,351,21,22,5,"1717,1610612742"
129,201187,Dominic McGuire,1610612766,CHA,25.0,52,18,34,0.346,760.3883333333333,32,49,35,100,275,182,223,572,33,21,94,30,581.3,288,303,288,348,298,315,248,264,288,161,147,161,149,120,232,189,348,291,5,"201187,1610612766"
130,202346,Dominique Jones,1610612742,DAL,22.0,18,10,8,0.556,135.11,8,0,13,20,39,31,26,86,3,4,7,11,114.5,402,374,45,159,406,389,425,335,387,41,42,32,37,365,71,27,392,396,5,"202346,1610612742"
131,201590,Donte Greene,1610612758,SAC,23.0,69,21,48,0.304,1127.085,67,55,77,168,421,293,386,1024,20,18,88,55,756.4,186,271,407,373,239,235,228,167,213,225,202,237,220,191,212,178,278,258,5,"201590,1610612758"
132,2748,Dorell Wright,1610612744,GSW,25.0,82,36,46,0.439,3146.778333333333,299,157,308,422,1125,962,1305,3044,63,48,171,167,2652.2,2,145,395,278,4,11,52,10,81,450,451,451,451,46,381,348,106,26,5,"2748,1610612744"
133,2400,Drew Gooden,1610612749,MIL,29.0,35,14,21,0.4,859.8783333333333,49,73,19,150,276,227,231,610,18,23,98,98,823.1,355,345,144,307,282,266,165,315,229,162,168,168,154,202,248,199,199,244,5,"2400,1610612749"
134,2730,Dwight Howard,1610612753,ORL,25.0,78,51,27,0.654,2934.9166666666665,238,373,109,1130,976,687,640,2026,186,79,258,765,3862.1,90,45,208,101,11,23,2,116,1,440,401,363,373,3,431,445,1,2,5,"2730,1610612753"
135,2548,Dwyane Wade,1610612748,MIA,29.0,76,54,22,0.711,2823.2116666666666,337,207,415,954,892,717,777,2282,87,71,197,462,3399.0,111,38,155,56,20,3,19,3,6,422,414,421,418,26,424,395,5,7,5,"2548,1610612748"
136,2853,Earl Barron,1610612757,POR,29.0,21,10,11,0.476,305.5083333333333,19,13,4,36,114,73,78,248,6,9,46,20,212.7,394,374,63,244,377,350,366,394,363,80,66,71,74,310,117,102,366,375,5,"2853,1610612757"
137,1863,Earl Boykins,1610612749,MIL,35.0,57,23,34,0.404,861.7683333333333,77,29,55,114,262,224,195,636,3,18,43,75,756.5,259,252,288,305,279,210,314,217,269,155,166,150,160,365,212,94,238,257,5,"1863,1610612749"
138,201947,Earl Clark,1610612753,ORL,23.0,42,28,14,0.667,463.79,23,43,14,86,176,111,124,350,18,15,45,32,347.7,323,212,84,95,347,338,268,331,301,111,95,101,100,202,179,100,343,342,5,"201947,1610612753"
139,2248,Earl Watson,1610612762,UTA,32.0,80,37,43,0.463,1567.35,48,40,92,118,539,364,421,1174,17,22,146,82,1096.4,53,136,379,254,188,272,276,141,264,271,239,254,239,211,241,295,223,202,5,"2248,1610612762"
140,202334,Ed Davis,1610612761,TOR,22.0,65,16,49,0.246,1601.7533333333333,77,168,72,376,604,500,566,1524,67,35,183,91,1385.4,206,331,412,410,179,210,44,174,98,304,311,331,305,44,317,373,214,155,5,"202334,1610612761"
141,2067,Eddie House,1610612748,MIA,33.0,56,39,17,0.696,978.3666666666667,76,33,44,24,284,294,268,760,3,9,68,22,641.4,267,116,102,66,261,213,295,241,380,168,203,184,182,365,117,132,359,282,5,"2067,1610612748"
142,2059,Eduardo Najera,1610612766,CHA,34.0,31,14,17,0.452,372.2916666666667,19,12,0,20,93,106,104,276,6,2,52,21,189.8,362,345,102,263,366,350,372,422,387,67,89,88,82,310,36,110,362,380,5,"2059,1610612766"
143,202327,Ekpe Udoh,1610612744,GSW,24.0,58,28,30,0.483,1029.5133333333333,47,42,10,152,311,303,324,926,86,10,144,82,789.2,251,212,238,240,251,273,271,361,225,181,211,208,206,27,131,289,223,250,5,"202327,1610612744"
144,1882,Elton Brand,1610612755,PHI,32.0,81,41,40,0.506,2809.133333333333,175,236,128,554,827,684,792,2334,106,47,244,229,2701.2,33,96,353,211,21,63,14,92,45,402,399,426,421,17,377,439,61,21,5,"1882,1610612755"
145,2731,Emeka Okafor,1610612740,NOH,28.0,72,43,29,0.597,2286.7533333333336,117,186,37,578,672,488,555,1784,127,68,230,212,2010.8,151,81,230,128,86,132,34,261,41,328,306,327,334,13,417,430,71,81,5,"2731,1610612740"
146,202339,Eric Bledsoe,1610612746,LAC,21.0,81,32,49,0.395,1840.5333333333333,104,42,119,268,761,493,529,1534,26,34,130,125,1404.1,33,183,412,311,143,168,271,99,141,369,310,312,306,155,309,264,155,151,5,"202339,1610612746"
147,201569,Eric Gordon,1610612746,LAC,22.0,56,25,31,0.446,2112.0666666666666,223,117,191,490,858,574,556,1814,18,65,115,255,1925.8,267,231,246,268,109,31,85,43,55,412,346,328,339,202,415,232,48,93,5,"201569,1610612746"
148,201953,Eric Maynor,1610612760,OKC,24.0,82,55,27,0.671,1199.635,49,33,49,138,390,331,258,1014,6,10,96,49,896.2,2,28,208,90,230,266,295,230,241,215,223,178,218,310,131,194,294,233,5,"201953,1610612760"
149,956,Erick Dampier,1610612748,MIA,35.0,51,36,15,0.706,814.8016666666666,17,40,7,102,261,213,238,686,47,10,82,45,524.4,294,145,91,59,288,358,276,375,284,154,161,175,171,78,131,163,301,304,5,"956,1610612748"
150,101141,Ersan Ilyasova,1610612749,MIL,24.0,60,25,35,0.417,1505.285,126,120,39,182,398,380,369,1238,24,32,159,135,1255.0,235,231,306,297,198,118,78,256,203,218,246,229,250,167,304,322,140,171,5,"101141,1610612749"
151,2041,Etan Thomas,1610612737,ATL,33.0,13,6,7,0.462,82.07333333333334,0,7,1,18,35,22,21,86,4,3,11,9,72.6,413,408,43,255,420,429,383,420,389,38,33,30,37,346,57,34,401,413,5,"2041,1610612737"
152,202323,Evan Turner,1610612755,PHI,22.0,78,40,38,0.513,1797.4016666666666,108,62,83,224,574,450,474,1498,14,43,138,104,1279.7,90,106,336,204,146,161,205,156,171,290,283,278,299,239,362,278,186,170,5,"202323,1610612755"
153,101177,Fabricio Oberto,1610612757,POR,36.0,5,4,1,0.8,44.695,0,2,0,6,21,18,13,52,0,0,10,2,12.4,433,422,7,10,432,429,404,422,415,25,29,25,25,426,1,32,433,439,5,"101177,1610612757"
154,1922,Francisco Elson,1610612762,UTA,35.0,62,34,28,0.548,609.935,26,31,13,48,236,152,153,424,14,5,84,38,394.5,227,165,221,165,318,331,304,335,351,141,122,120,116,239,76,169,322,330,5,"1922,1610612762"
155,101128,Francisco Garcia,1610612758,SAC,29.0,58,18,40,0.31,1385.6266666666668,109,66,111,142,534,362,544,1296,49,17,126,73,1081.1,251,303,353,369,215,157,193,112,237,268,235,321,268,72,203,253,242,205,5,"101128,1610612758"
156,202371,Gani Lawal,1610612756,PHX,22.0,1,1,0,1.0,1.9333333333333333,0,0,0,0,0,0,1,0,0,0,1,0,0.0,451,439,1,1,451,429,425,422,443,1,1,2,1,426,1,6,444,450,5,"202371,1610612756"
157,202081,Garret Siler,1610612756,PHX,24.0,21,10,11,0.476,101.29333333333334,6,14,4,34,50,31,31,102,4,6,20,13,88.1,394,374,63,244,414,405,363,394,365,49,42,39,43,346,85,55,388,405,5,"202081,1610612756"
158,202066,Garrett Temple,1610612766,CHA,25.0,24,12,12,0.5,230.19333333333333,8,3,4,14,76,71,48,176,6,5,24,13,160.6,384,362,68,215,386,389,402,394,397,61,63,50,63,310,76,59,388,387,5,"202066,1610612766"
159,201814,Gary Forbes,1610612743,DEN,26.0,63,39,24,0.619,790.7683333333333,68,44,83,188,276,238,237,746,6,27,77,64,579.7,222,116,175,114,291,232,263,156,194,162,178,172,181,310,271,151,263,292,5,"201814,1610612743"
160,202390,Gary Neal,1610612759,SAS,26.0,80,59,21,0.738,1684.5616666666667,126,53,93,140,540,511,513,1458,4,15,148,91,1177.2,53,14,144,43,166,118,237,138,239,273,320,303,289,346,179,301,214,185,5,"202390,1610612759"
161,201588,George Hill,1610612759,SAS,25.0,76,56,20,0.737,2147.9766666666665,156,53,163,272,690,601,580,1818,21,40,153,222,1574.3,111,24,128,44,104,89,237,58,140,338,358,339,342,181,344,310,66,128,5,"201588,1610612759"
162,201945,Gerald Henderson,1610612766,CHA,23.0,68,29,39,0.426,1661.2416666666666,109,81,105,248,499,463,478,1404,32,34,118,158,1234.9,191,202,344,290,172,157,148,122,153,252,294,281,280,123,309,239,114,175,5,"201945,1610612766"
163,2222,Gerald Wallace,1610612757,POR,28.0,71,36,35,0.507,2693.0333333333333,196,140,232,490,824,689,697,2130,63,90,183,320,2407.3,167,145,306,209,35,47,63,26,55,401,403,390,391,46,440,373,30,50,5,"2222,1610612757"
164,2240,Gilbert Arenas,1610612753,ORL,29.0,70,35,35,0.5,1796.1933333333334,123,43,99,154,662,454,505,1418,21,29,188,146,1500.8,177,160,306,215,147,123,268,127,220,325,287,298,283,181,282,382,128,139,5,"2240,1610612753"
165,201175,Glen Davis,1610612738,BOS,25.0,78,54,24,0.692,2297.7766666666666,117,94,44,390,693,620,575,1770,30,64,231,235,1802.0,90,38,175,77,81,132,120,241,90,339,371,336,331,133,413,431,56,105,5,"201175,1610612738"
166,201609,Goran Dragic,1610612745,HOU,25.0,70,37,33,0.529,1233.875,110,30,141,212,440,346,376,1244,10,26,125,152,1062.4,177,136,273,183,227,151,309,83,174,232,228,233,252,265,266,252,122,207,5,"201609,1610612745"
167,202330,Gordon Hayward,1610612762,UTA,21.0,72,33,39,0.458,1217.67,84,45,101,134,427,322,347,1100,19,16,106,119,753.3,151,174,344,258,229,197,260,125,249,228,217,218,233,198,187,214,161,259,5,"202330,1610612762"
168,255,Grant Hill,1610612756,PHX,38.0,80,39,41,0.488,2408.915,160,94,295,446,790,711,672,2134,35,43,184,245,1924.6,53,116,364,234,69,84,120,13,77,391,412,380,394,111,362,375,52,94,5,"255,1610612756"
169,202328,Greg Monroe,1610612765,DET,21.0,80,30,50,0.375,2221.8633333333332,116,238,81,582,728,631,740,2078,45,68,196,186,1962.7,53,196,418,327,92,136,12,161,37,359,375,408,378,83,417,392,91,88,5,"202328,1610612765"
170,202349,Greivis Vasquez,1610612763,MEM,24.0,70,41,29,0.586,859.9166666666666,49,21,40,106,283,210,230,694,4,13,83,55,571.1,177,96,230,136,281,266,339,254,277,167,159,167,173,346,161,168,278,294,5,"202349,1610612763"
171,101124,Hakim Warrick,1610612756,PHX,28.0,80,39,41,0.488,1415.5216666666668,108,103,77,354,563,427,466,1414,9,34,100,221,1171.7,53,116,364,234,209,161,103,167,111,286,270,269,281,275,309,203,69,186,5,"101124,1610612756"
172,202380,Hamady Ndiaye,1610612764,WAS,24.0,16,3,13,0.188,80.17666666666666,4,0,2,6,35,24,32,90,5,0,18,9,40.4,409,425,77,436,421,410,425,406,415,38,36,40,40,327,1,51,401,425,5,"202380,1610612764"
173,201632,Hamed Haddadi,1610612763,MEM,26.0,31,18,13,0.581,168.38666666666666,9,33,0,60,61,39,52,118,13,8,29,16,198.1,362,303,77,141,397,388,295,422,327,55,51,55,47,247,103,68,381,379,5,"201632,1610612763"
174,201934,Hasheem Thabeet,1610612745,HOU,24.0,47,23,24,0.489,373.31333333333333,7,24,3,32,122,126,118,298,16,8,76,35,207.0,309,252,175,231,364,395,328,401,367,84,106,99,88,223,103,148,335,377,5,"201934,1610612745"
175,202355,Hassan Whiteside,1610612758,SAC,22.0,1,1,0,1.0,1.7433333333333334,0,0,0,0,0,0,2,0,0,0,2,0,0.0,451,439,1,1,452,429,425,422,443,1,1,3,1,426,1,10,444,450,5,"202355,1610612758"
176,2045,Hedo Turkoglu,1610612753,ORL,32.0,81,48,33,0.593,2540.1433333333334,113,57,92,168,833,630,588,2078,34,16,247,133,2004.7,33,55,273,129,54,142,221,141,213,406,374,341,378,116,187,441,144,82,5,"2045,1610612753"
177,201611,Henry Walker,1610612752,NYK,23.0,61,32,29,0.525,783.91,59,36,14,78,241,219,172,672,6,11,81,32,539.4,231,183,230,190,292,246,285,331,308,144,163,133,169,310,140,161,343,302,5,"201611,1610612752"
178,200756,Hilton Armstrong,1610612737,ATL,26.0,53,15,38,0.283,488.785,17,24,5,52,214,132,144,410,21,12,84,46,359.2,284,336,336,390,340,358,328,389,340,133,111,113,113,181,152,169,299,338,5,"200756,1610612737"
179,101133,Ian Mahinmi,1610612742,DAL,24.0,56,39,17,0.696,487.87833333333333,26,44,22,94,141,145,136,382,15,7,105,66,391.0,267,116,102,66,341,331,263,306,294,94,118,107,108,230,91,213,258,331,5,"101133,1610612742"
180,101113,Ike Diogu,1610612746,LAC,27.0,36,16,20,0.444,469.615,36,65,10,148,192,126,163,368,3,16,72,59,344.0,351,331,128,271,345,298,197,361,231,119,106,126,105,365,187,138,273,344,5,"101113,1610612746"
181,2137,Ime Udoka,1610612759,SAS,33.0,20,16,4,0.8,130.00666666666666,0,0,0,4,41,38,44,100,1,3,14,6,78.3,397,331,25,10,409,429,425,422,421,43,50,47,42,402,57,42,410,411,5,"2137,1610612759"
182,202397,Ish Smith,1610612763,MEM,22.0,43,21,22,0.488,441.65166666666664,11,4,12,58,154,126,142,418,2,5,37,34,301.9,320,271,155,234,354,380,397,340,329,103,106,111,114,388,76,86,337,356,5,"202397,1610612763"
183,200826,J.J. Barea,1610612742,DAL,27.0,81,56,25,0.691,1668.9666666666667,101,66,105,348,499,482,442,1430,1,43,136,196,1392.3,33,24,190,78,169,173,193,122,113,252,301,260,286,402,362,272,82,154,5,"200826,1610612742"
184,201581,JJ Hickson,1610612739,CLE,22.0,80,19,61,0.238,2256.32,137,234,134,674,783,603,739,2156,54,111,215,257,2208.5,53,290,450,413,88,105,15,90,23,388,361,407,395,59,449,418,46,60,5,"201581,1610612739"
185,200755,JJ Redick,1610612753,ORL,27.0,59,37,22,0.627,1512.935,95,34,119,114,546,323,367,1178,3,8,80,105,924.6,239,136,155,109,196,179,293,99,269,274,218,225,240,365,103,159,185,229,5,"200755,1610612753"
186,2747,JR Smith,1610612743,DEN,25.0,79,49,30,0.62,1967.59,166,84,120,228,640,541,479,1650,16,35,173,187,1841.9,79,48,238,112,133,74,139,96,168,317,333,282,322,223,317,354,89,102,5,"2747,1610612743"
187,201580,JaVale McGee,1610612764,WAS,23.0,79,23,56,0.291,2192.56,140,248,89,634,795,698,765,2114,193,38,232,202,2215.8,79,252,441,383,95,101,10,146,27,393,409,416,386,2,333,433,77,57,5,"201580,1610612764"
188,2048,Jamaal Magloire,1610612748,MIA,33.0,18,14,4,0.778,157.59833333333333,4,15,3,26,49,32,37,110,2,2,26,14,125.7,402,345,25,15,400,410,358,401,378,48,45,42,44,388,36,65,384,392,5,"2048,1610612748"
189,2037,Jamal Crawford,1610612737,ATL,31.0,76,40,36,0.526,2296.991666666667,159,82,162,254,763,653,721,2036,14,38,97,170,1662.5,111,106,319,187,84,86,144,62,151,371,381,398,375,239,333,196,102,120,5,"2037,1610612737"
190,200081,Jamario Moon,1610612746,LAC,31.0,59,20,39,0.339,1042.2633333333333,47,30,54,74,327,266,365,888,33,7,65,19,692.0,239,280,344,353,249,273,309,222,316,187,191,223,199,120,91,129,369,271,5,"200081,1610612746"
191,2749,Jameer Nelson,1610612753,ORL,29.0,76,49,27,0.645,2318.8233333333333,145,54,118,300,771,575,515,1706,3,36,209,156,1992.2,111,48,208,105,78,97,231,103,125,375,347,304,325,365,322,411,118,83,5,"2749,1610612753"
192,202341,James Anderson,1610612759,SAS,22.0,26,17,9,0.654,286.23833333333334,22,5,12,12,106,81,78,250,6,6,24,17,162.6,379,315,53,101,383,339,393,340,401,76,73,71,75,310,85,59,375,386,5,"202341,1610612759"
193,201935,James Harden,1610612760,OKC,21.0,82,55,27,0.671,2188.5383333333334,174,59,185,292,695,689,484,1938,24,46,207,257,1810.0,2,28,208,90,96,64,217,47,129,340,403,284,357,167,375,408,46,104,5,"201935,1610612760"
194,201949,James Johnson,1610612761,TOR,24.0,38,15,23,0.395,821.155,39,29,55,158,309,243,235,778,37,17,95,47,720.9,343,336,166,311,287,292,314,217,219,178,181,171,184,106,203,192,297,266,5,"201949,1610612761"
195,2592,James Jones,1610612748,MIA,30.0,81,57,24,0.704,1549.09,72,41,39,2,481,426,407,1184,19,3,129,80,854.5,33,15,175,61,190,219,275,256,430,246,268,250,242,198,57,262,227,238,5,"2592,1610612748"
196,1899,James Posey,1610612754,IND,34.0,49,19,30,0.388,839.0883333333334,29,29,11,28,268,172,146,510,6,2,103,45,533.4,299,290,238,316,284,323,314,348,375,158,137,115,133,310,36,210,301,303,5,"1899,1610612754"
197,201162,Jared Dudley,1610612756,PHX,25.0,82,40,42,0.488,2139.595,147,119,158,258,776,584,635,1930,20,30,139,174,1654.6,2,106,373,234,105,96,81,68,148,379,350,359,355,191,288,279,99,121,5,"201162,1610612756"
198,2407,Jared Jeffries,1610612752,NYK,29.0,42,20,22,0.476,601.0583333333333,16,35,14,54,180,181,125,510,17,9,75,40,390.2,323,280,155,244,319,361,288,331,335,114,146,102,133,211,117,145,315,332,5,"2407,1610612752"
199,101127,Jarrett Jack,1610612740,NOH,27.0,83,39,44,0.47,1722.2566666666667,114,38,106,242,627,403,488,1428,6,40,102,179,1375.6,1,116,388,252,160,140,281,121,157,312,254,288,285,310,344,208,96,157,5,"101127,1610612740"
200,2260,Jarron Collins,1610612757,POR,32.0,28,11,17,0.393,181.36333333333334,0,1,2,10,61,34,48,146,1,5,29,21,58.8,375,366,102,313,392,429,421,406,406,55,46,50,58,402,76,68,362,418,5,"2260,1610612757"
201,2215,Jason Collins,1610612737,ATL,32.0,49,27,22,0.551,593.3433333333334,12,9,9,40,149,134,140,396,9,8,97,67,279.4,299,220,155,163,322,371,378,365,360,97,112,109,111,275,103,196,256,362,5,"2215,1610612737"
202,2574,Jason Kapono,1610612755,PHI,30.0,24,9,15,0.375,111.51833333333333,4,2,3,4,36,26,46,90,1,2,4,3,42.2,384,385,91,327,413,410,404,401,421,40,38,48,40,402,36,20,425,424,5,"2574,1610612755"
203,467,Jason Kidd,1610612742,DAL,38.0,80,56,24,0.7,2652.846666666667,97,67,76,82,860,666,782,2344,29,14,119,80,2343.7,53,24,175,63,36,176,191,169,303,414,392,423,423,140,169,240,227,53,5,"467,1610612742"
204,101131,Jason Maxiell,1610612765,DET,28.0,57,17,40,0.298,930.1183333333333,43,54,24,146,361,307,330,888,21,26,92,87,561.1,259,315,353,376,270,285,231,294,235,200,213,210,199,181,266,187,217,297,5,"101131,1610612765"
205,2202,Jason Richardson,1610612753,ORL,30.0,80,47,33,0.588,2715.1216666666664,227,119,304,410,914,740,682,2172,13,28,162,120,2089.7,53,60,273,133,33,28,81,11,87,427,422,384,402,247,276,333,160,71,5,"2202,1610612753"
206,201160,Jason Smith,1610612740,NOH,25.0,77,44,33,0.571,1101.825,49,61,15,86,347,226,290,862,32,16,150,62,795.2,103,74,273,147,245,266,208,329,301,194,167,195,193,123,187,306,266,249,5,"201160,1610612740"
207,1891,Jason Terry,1610612742,DAL,33.0,82,57,25,0.695,2564.365,174,97,241,292,781,689,707,2248,13,47,140,178,2128.6,2,15,190,69,47,64,115,24,129,386,403,393,411,247,377,280,97,66,5,"1891,1610612742"
208,201574,Jason Thompson,1610612758,SAC,24.0,75,24,51,0.32,1748.0666666666666,94,154,80,420,669,424,602,1624,44,42,212,186,1456.8,121,243,428,364,154,183,54,162,84,327,266,347,316,86,351,415,91,144,5,"201574,1610612758"
209,1715,Jason Williams,1610612763,MEM,35.0,27,19,8,0.704,295.10833333333335,13,0,6,8,87,80,61,242,1,0,8,3,186.0,377,290,45,61,379,368,425,381,412,66,72,61,72,402,1,31,425,381,5,"1715,1610612763"
210,101214,Jawad Williams,1610612739,CLE,28.0,26,6,20,0.231,391.1116666666667,11,14,9,34,136,110,136,332,3,8,34,16,214.6,379,408,128,418,361,380,363,365,365,90,94,107,93,365,103,81,381,374,5,"101214,1610612739"
211,202399,Jeff Adrien,1610612744,GSW,25.0,23,7,16,0.304,195.935,12,20,0,44,78,71,60,166,5,14,28,18,159.6,391,399,98,373,391,371,342,422,354,62,63,59,62,327,169,67,371,388,5,"202399,1610612744"
212,1902,Jeff Foster,1610612754,IND,34.0,56,25,31,0.446,939.8633333333333,26,80,10,138,269,247,190,658,31,14,127,73,815.0,267,231,246,268,266,331,151,361,241,159,183,148,165,127,169,256,242,247,5,"1902,1610612754"
213,201145,Jeff Green,1610612738,BOS,24.0,75,45,30,0.6,2427.62,164,140,143,454,768,713,572,2258,37,38,210,188,1763.0,121,69,238,123,65,78,63,79,76,374,413,334,414,106,333,412,86,110,5,"201145,1610612738"
214,201952,Jeff Teague,1610612737,ATL,23.0,70,36,34,0.514,962.5383333333333,84,18,112,198,330,299,281,864,25,32,82,77,836.4,177,145,288,202,262,197,350,109,184,189,209,193,194,161,304,163,232,241,5,"201952,1610612737"
215,202379,Jeremy Evans,1610612762,UTA,23.0,49,22,27,0.449,462.91,34,26,23,136,178,105,117,382,17,7,50,33,413.4,299,262,208,265,349,308,324,301,245,112,88,98,108,211,91,107,339,318,5,"202379,1610612762"
216,202391,Jeremy Lin,1610612744,GSW,22.0,29,10,19,0.345,284.5133333333333,18,3,16,44,100,76,93,236,9,8,31,33,287.8,371,374,121,349,384,354,402,324,354,73,67,79,69,275,103,77,339,360,5,"202391,1610612744"
217,979,Jermaine O'Neal,1610612738,BOS,32.0,24,13,11,0.542,431.225,19,13,5,74,150,114,109,314,30,7,65,44,321.6,384,355,63,169,357,350,366,389,316,99,98,92,89,133,91,129,305,353,5,"979,1610612738"
218,201966,Jermaine Taylor,1610612758,SAC,24.0,34,8,26,0.235,482.245,50,35,62,146,204,141,177,476,5,22,39,34,356.4,357,391,203,415,344,263,288,198,235,125,115,138,126,327,241,89,337,340,5,"201966,1610612758"
219,711,Jerry Stackhouse,1610612748,MIA,36.0,7,5,2,0.714,49.74333333333333,4,0,4,2,7,13,14,44,2,2,3,4,28.9,428,416,11,53,431,410,425,394,430,12,23,26,22,388,36,16,422,430,5,"711,1610612748"
220,201573,Jerryd Bayless,1610612761,TOR,22.0,71,25,46,0.352,1495.2833333333333,103,33,149,216,555,451,517,1368,5,42,149,170,1250.0,167,231,395,346,201,171,295,75,173,282,284,306,275,327,351,305,102,173,5,"201573,1610612761"
221,201149,Joakim Noah,1610612741,CHI,26.0,48,36,12,0.75,1575.5283333333334,79,155,59,380,550,457,468,1280,72,48,156,148,1589.1,306,145,68,32,185,203,53,204,96,277,291,273,263,38,381,315,125,125,5,"201149,1610612741"
222,201975,Jodie Meeks,1610612755,PHI,23.0,74,40,34,0.541,2062.0466666666666,159,57,222,136,614,529,597,1826,4,30,97,115,1237.2,132,106,288,172,120,86,221,30,245,309,328,344,343,346,288,196,174,174,5,"201975,1610612755"
223,2207,Joe Johnson,1610612737,ATL,30.0,72,38,34,0.528,2554.405,204,104,163,580,750,665,723,2122,7,50,131,200,2184.2,151,130,288,184,50,42,101,58,38,365,390,399,389,296,389,265,80,63,5,"2207,1610612737"
224,693,Joe Smith,1610612747,LAL,35.0,16,14,2,0.875,69.34833333333333,0,0,0,0,31,15,27,66,4,1,13,5,46.2,409,345,11,7,425,429,425,422,443,33,25,33,29,346,22,38,418,422,5,"693,1610612747"
225,201202,Joel Anthony,1610612748,MIA,28.0,75,55,20,0.733,1463.0566666666666,14,54,13,104,488,441,368,1100,93,13,194,65,781.2,121,28,128,45,203,364,231,335,279,249,279,228,233,22,161,389,260,252,5,"201202,1610612748"
226,2038,Joel Przybilla,1610612766,CHA,31.0,36,18,18,0.5,519.7633333333333,7,28,0,50,179,168,109,432,15,7,79,37,288.5,351,303,111,215,338,395,318,422,347,113,132,92,117,230,91,157,328,359,5,"2038,1610612766"
227,201595,Joey Dorsey,1610612761,TOR,27.0,43,11,32,0.256,521.98,27,61,24,104,175,129,154,452,17,11,78,44,487.5,320,366,262,405,337,327,208,294,279,110,109,121,122,211,140,154,305,307,5,"201595,1610612761"
228,101121,Joey Graham,1610612739,CLE,29.0,39,9,30,0.231,586.25,32,19,34,76,229,168,170,486,7,8,73,38,340.8,340,385,238,418,327,315,345,266,311,138,132,132,130,296,103,141,322,346,5,"101121,1610612739"
229,101130,Johan Petro,1610612751,NJN,25.0,77,22,55,0.286,893.4133333333333,31,61,8,120,303,256,228,662,34,3,178,37,751.4,103,262,439,386,273,319,208,369,263,176,187,166,167,116,57,364,328,260,5,"101130,1610612751"
230,101249,John Lucas III,1610612741,CHI,28.0,2,1,1,0.5,10.106666666666667,2,0,0,0,2,2,4,6,0,0,0,1,3.5,447,439,7,215,448,419,425,422,443,3,6,7,4,426,1,1,439,448,5,"101249,1610612741"
231,2422,John Salmons,1610612749,MIL,31.0,73,30,43,0.411,2554.1033333333335,190,82,93,296,767,601,649,1948,28,56,157,194,1884.2,139,196,379,302,51,53,144,138,127,373,358,368,360,144,401,317,83,98,5,"2422,1610612749"
232,202322,John Wall,1610612764,WAS,20.0,69,19,50,0.275,2606.055,200,80,390,522,959,807,931,2436,35,84,175,324,2579.4,186,290,418,393,42,46,151,5,50,438,441,445,430,111,437,356,29,35,5,"202322,1610612764"
233,201972,Jon Brockman,1610612749,MIL,24.0,63,28,35,0.444,677.4716666666667,32,48,9,88,241,175,162,546,3,12,119,84,410.8,222,212,306,271,311,315,254,365,299,144,138,124,141,365,152,240,221,320,5,"201972,1610612749"
234,201938,Jonny Flynn,1610612750,MIN,22.0,53,10,43,0.189,982.86,64,19,44,76,392,304,335,892,3,9,58,53,642.4,284,374,379,435,260,240,345,241,311,217,212,212,201,365,117,114,285,280,5,"201938,1610612750"
235,202348,Jordan Crawford,1610612764,WAS,22.0,42,17,25,0.405,1026.645,94,49,99,164,425,327,362,968,3,20,63,65,834.5,323,315,190,304,252,183,248,127,217,227,219,222,213,365,228,124,260,242,5,"202348,1610612764"
236,200770,Jordan Farmar,1610612751,NJN,24.0,73,23,50,0.315,1795.9516666666666,115,70,120,218,611,514,488,1472,6,31,128,101,1525.6,139,252,418,367,148,139,176,96,172,307,321,288,294,310,297,260,192,136,5,"200770,1610612751"
237,201941,Jordan Hill,1610612745,HOU,23.0,72,38,34,0.528,1124.4966666666667,34,119,30,278,404,344,367,1082,52,25,157,78,952.7,151,130,288,184,241,308,81,278,135,220,227,225,230,62,256,317,230,223,5,"201941,1610612745"
238,101181,Jose Calderon,1610612761,TOR,29.0,68,18,50,0.265,2102.2033333333334,110,53,59,174,715,599,701,2116,7,30,143,92,1934.9,191,303,418,400,113,151,237,204,208,353,356,392,387,296,288,283,212,92,5,"101181,1610612761"
239,2735,Josh Childress,1610612756,PHX,28.0,54,23,31,0.426,893.77,67,56,60,238,361,298,272,852,23,23,68,47,645.0,275,252,246,290,272,235,223,202,162,200,207,189,192,171,248,132,297,279,5,"2735,1610612756"
240,2572,Josh Howard,1610612764,WAS,31.0,18,3,15,0.167,408.6166666666667,19,16,24,44,147,106,165,366,5,10,34,38,310.8,402,425,91,441,359,350,355,294,354,96,89,127,103,327,131,81,322,355,5,"2572,1610612764"
241,201177,Josh McRoberts,1610612754,IND,24.0,72,34,38,0.472,1596.9883333333332,73,100,66,322,636,488,472,1366,57,38,165,103,1435.4,151,165,336,250,180,218,108,190,123,316,306,277,272,55,333,343,188,147,5,"201177,1610612754"
242,2694,Josh Powell,1610612737,ATL,28.0,54,29,25,0.537,653.145,25,36,20,96,285,198,215,556,5,16,78,43,396.0,275,202,190,174,313,336,285,314,293,169,152,156,145,327,187,154,309,328,5,"2694,1610612737"
243,2746,Josh Smith,1610612737,ATL,25.0,77,43,34,0.558,2644.83,208,146,235,606,779,656,792,2166,120,43,217,293,2904.9,103,81,288,156,38,36,59,25,32,381,383,426,400,14,362,419,35,18,5,"2746,1610612737"
244,201950,Jrue Holiday,1610612755,PHI,21.0,82,41,41,0.5,2900.6983333333333,172,89,193,456,892,731,764,2462,29,60,203,177,2568.9,2,96,364,215,12,69,130,40,74,422,418,414,435,140,406,404,98,36,5,"201950,1610612755"
245,201153,Julian Wright,1610612761,TOR,24.0,52,9,43,0.173,765.9616666666667,38,33,48,142,290,244,232,628,20,8,45,33,550.6,288,385,379,440,297,294,295,233,237,171,182,170,157,191,103,100,339,298,5,"201153,1610612761"
246,436,Juwan Howard,1610612748,MIA,38.0,57,43,14,0.754,591.5133333333333,14,16,6,50,207,169,151,464,4,7,61,33,336.9,259,81,84,29,323,364,355,381,347,128,134,118,124,346,91,119,339,347,5,"436,1610612748"
247,2586,Keith Bogans,1610612741,CHI,31.0,82,62,20,0.756,1461.3333333333333,72,28,71,56,464,367,420,1138,9,8,113,48,788.1,2,1,128,22,204,219,318,176,333,241,241,253,236,275,103,226,296,251,5,"2586,1610612741"
248,2570,Kendrick Perkins,1610612760,OKC,26.0,29,21,8,0.724,742.0133333333333,36,55,9,128,237,228,182,674,26,19,91,53,540.4,371,271,45,48,300,298,228,365,256,142,169,142,170,155,223,184,285,301,5,"2570,1610612760"
249,2030,Kenyon Martin,1610612743,DEN,33.0,48,31,17,0.646,1233.18,50,74,56,292,363,311,237,986,35,21,136,51,1108.9,306,190,102,104,228,263,163,214,129,202,214,172,215,111,232,272,289,200,5,"2030,1610612743"
250,201142,Kevin Durant,1610612760,OKC,22.0,78,52,26,0.667,3037.6216666666664,331,140,325,580,950,943,788,2880,76,49,159,412,3395.6,90,43,203,95,7,5,63,9,38,437,450,424,449,33,385,322,10,8,5,"201142,1610612760"
251,708,Kevin Garnett,1610612738,BOS,35.0,71,49,22,0.69,2219.7566666666667,164,97,85,462,643,521,467,1648,57,19,148,210,2410.7,167,48,155,80,93,78,115,151,71,319,326,271,320,55,223,301,73,48,5,"708,1610612738"
252,201567,Kevin Love,1610612750,MIN,22.0,73,17,56,0.233,2610.5433333333335,247,370,152,644,1082,766,980,2252,28,96,148,421,3150.4,139,315,441,417,41,19,3,74,24,449,435,446,413,144,444,301,9,15,5,"201567,1610612750"
253,2755,Kevin Martin,1610612745,HOU,28.0,80,42,38,0.525,2602.5333333333333,336,140,342,480,792,761,826,2496,15,63,155,411,2583.6,53,93,336,190,44,4,63,8,60,392,432,432,436,230,412,314,11,34,5,"2755,1610612745"
254,202338,Kevin Seraphin,1610612764,WAS,21.0,58,15,43,0.259,634.6283333333333,12,60,4,114,270,176,238,490,28,18,126,23,444.4,251,336,379,402,315,371,213,394,269,160,141,175,131,144,212,253,358,311,5,"202338,1610612764"
255,2039,Keyon Dooling,1610612749,MIL,31.0,80,35,45,0.438,1756.615,118,38,71,118,550,469,401,1366,4,17,119,119,1158.9,53,160,391,280,152,131,281,176,264,277,295,245,272,346,203,240,161,189,5,"2039,1610612749"
256,2550,Kirk Hinrich,1610612737,ATL,30.0,72,24,48,0.333,2156.6583333333333,104,50,99,154,780,584,652,1832,17,29,185,126,1542.4,151,243,407,355,101,168,245,127,220,383,350,369,344,211,282,379,153,133,5,"2550,1610612737"
257,977,Kobe Bryant,1610612747,LAL,32.0,82,57,25,0.695,2778.6633333333334,304,188,212,716,819,760,778,2342,12,70,172,450,3252.8,2,15,190,69,23,10,32,33,17,399,431,422,422,253,423,351,6,11,5,"977,1610612747"
258,201585,Kosta Koufos,1610612743,DEN,22.0,50,17,33,0.34,433.6,20,56,11,124,203,138,145,378,25,15,59,31,400.5,297,315,273,352,356,345,223,348,258,124,114,114,106,161,179,115,346,324,5,"201585,1610612743"
259,2743,Kris Humphries,1610612751,NJN,26.0,74,23,51,0.311,2060.7633333333333,117,199,82,512,674,486,548,1766,80,42,168,222,2028.2,132,252,428,368,121,132,22,158,51,331,304,326,330,29,351,345,66,78,5,"2743,1610612751"
260,703,Kurt Thomas,1610612741,CHI,38.0,52,39,13,0.75,1178.1533333333334,28,36,3,74,370,258,289,850,42,5,164,77,842.2,288,116,77,32,234,325,285,401,316,207,188,194,191,91,76,340,232,240,5,"703,1610612741"
261,2198,Kwame Brown,1610612766,CHA,29.0,66,27,39,0.409,1714.165,68,114,21,364,546,435,484,1446,39,42,174,231,1254.5,202,220,344,303,162,232,92,308,104,274,277,284,288,98,351,355,58,172,5,"2198,1610612766"
262,2594,Kyle Korver,1610612741,CHI,30.0,82,62,20,0.756,1649.1233333333332,110,104,71,28,518,421,430,1208,20,10,156,63,1152.0,2,1,128,22,174,151,101,176,375,259,261,259,245,191,131,315,265,192,5,"2594,1610612741"
263,200768,Kyle Lowry,1610612745,HOU,25.0,75,40,35,0.533,2563.1833333333334,166,76,194,342,746,742,715,2352,23,43,207,260,2348.8,121,106,306,176,48,74,157,39,116,364,423,395,425,171,362,408,43,51,5,"200768,1610612745"
264,201602,Kyle Weaver,1610612762,UTA,25.0,5,1,4,0.2,69.34,7,1,7,6,23,7,19,52,2,2,3,7,55.5,433,439,25,430,426,395,421,375,415,27,15,29,25,388,36,16,406,420,5,"201602,1610612762"
265,201178,Kyrylo Fesenko,1610612762,UTA,24.0,53,29,24,0.547,455.94,13,22,0,82,150,101,101,278,16,9,90,39,297.6,284,202,175,167,351,368,335,422,303,99,87,85,83,223,117,182,319,358,5,"201178,1610612762"
266,200746,LaMarcus Aldridge,1610612757,POR,25.0,81,48,33,0.593,3211.4216666666666,309,345,112,942,944,863,727,2640,94,54,220,397,3249.8,33,55,273,129,2,9,4,109,7,434,448,400,445,20,396,422,12,12,5,"200746,1610612757"
267,1885,Lamar Odom,1610612747,LAL,31.0,82,57,25,0.695,2638.715,165,196,155,678,774,757,669,2160,61,42,200,206,2590.5,2,15,190,69,39,76,24,72,22,377,429,376,398,51,351,399,74,33,5,"1885,1610612747"
268,202362,Lance Stephenson,1610612754,IND,20.0,12,3,9,0.25,114.69666666666667,7,2,11,14,54,27,47,110,0,5,14,10,86.1,417,425,53,406,412,395,404,348,397,51,39,49,44,426,76,42,398,408,5,"202362,1610612754"
269,202361,Landry Fields,1610612752,NYK,23.0,82,42,40,0.512,2541.3283333333334,160,101,135,358,870,762,683,2524,17,36,114,134,1838.7,2,93,353,205,52,84,105,89,107,416,433,386,439,211,322,230,142,103,5,"202361,1610612752"
270,202082,Larry Owens,1610612764,WAS,28.0,12,7,5,0.583,142.73333333333332,12,0,11,12,57,21,48,126,5,0,18,6,107.0,417,399,32,138,402,371,425,348,401,53,31,50,49,327,1,51,410,398,5,"202082,1610612764"
271,202336,Larry Sanders,1610612749,MIL,22.0,60,28,32,0.467,872.1616666666666,52,60,32,152,250,223,215,710,72,13,117,39,741.6,235,212,262,253,276,261,213,273,225,148,164,156,174,38,161,238,319,262,5,"202336,1610612749"
272,202351,Lazar Hayward,1610612750,MIN,24.0,42,10,32,0.238,419.41833333333335,27,28,14,58,188,141,156,378,7,12,44,32,324.0,323,374,262,413,358,327,318,331,329,117,115,122,106,296,152,97,343,351,5,"202351,1610612750"
273,2544,LeBron James,1610612748,MIA,26.0,79,57,22,0.722,3062.9816666666666,392,178,457,898,980,782,802,2446,50,38,163,466,3888.0,79,15,155,50,6,1,38,1,9,441,437,428,432,70,333,335,4,1,5,"2544,1610612748"
274,2571,Leandro Barbosa,1610612761,TOR,28.0,58,17,41,0.293,1394.6133333333332,176,63,188,352,551,422,466,1268,6,40,112,119,1150.3,251,315,364,379,213,61,204,46,112,280,265,269,260,310,344,225,161,193,5,"2571,1610612761"
275,200796,Leon Powe,1610612763,MEM,27.0,30,10,20,0.333,327.7316666666667,26,25,22,100,83,86,83,260,4,18,44,64,274.1,367,374,128,355,374,331,326,306,288,64,80,75,78,346,212,97,263,364,5,"200796,1610612763"
276,201991,Lester Hudson,1610612764,WAS,26.0,11,3,8,0.273,73.33333333333333,2,0,2,2,24,17,11,62,1,0,10,3,57.5,421,425,45,396,422,419,425,406,430,29,28,22,28,402,1,32,425,419,5,"201991,1610612764"
277,101132,Linas Kleiza,1610612761,TOR,26.0,39,12,27,0.308,1031.9616666666666,67,72,94,198,418,297,375,1048,7,17,99,50,721.4,340,362,208,371,250,235,170,137,184,224,205,231,223,296,203,201,290,265,5,"101132,1610612761"
278,200811,Lou Amundson,1610612744,GSW,28.0,46,20,26,0.435,691.1066666666667,33,64,33,152,232,175,321,660,33,16,87,76,564.5,313,280,203,282,309,313,201,267,225,139,138,207,166,120,187,174,236,296,5,"200811,1610612744"
279,101150,Lou Williams,1610612755,PHI,24.0,75,39,36,0.52,1747.335,172,68,153,266,500,449,476,1442,17,52,128,252,1673.8,121,116,319,196,155,69,186,73,144,254,282,280,287,211,393,260,50,118,5,"101150,1610612755"
280,201601,Luc Mbah a Moute,1610612749,MIL,24.0,79,34,45,0.43,2093.0416666666665,91,130,44,278,633,448,529,1550,28,38,180,149,1358.0,79,165,391,286,116,188,73,241,135,314,281,312,308,144,333,366,124,158,5,"201601,1610612749"
281,2449,Luis Scola,1610612745,HOU,31.0,74,38,36,0.514,2411.838333333333,208,191,157,716,706,690,768,2248,44,77,227,263,2485.7,132,130,319,202,67,36,30,69,17,348,406,417,411,86,429,427,40,42,5,"2449,1610612745"
282,202337,Luke Babbitt,1610612757,POR,22.0,24,11,13,0.458,137.29333333333332,7,15,0,22,41,45,33,126,2,2,15,8,85.0,384,366,77,258,405,395,358,422,384,43,55,41,49,388,36,45,404,409,5,"202337,1610612757"
283,202376,Luke Harangody,1610612739,CLE,23.0,49,29,20,0.592,640.6383333333333,29,34,24,54,208,210,173,552,17,14,80,26,489.6,299,202,128,131,314,323,293,294,335,129,159,134,144,211,169,159,355,306,5,"202376,1610612739"
284,2557,Luke Ridnour,1610612750,MIN,30.0,71,13,58,0.183,2159.16,122,44,165,200,914,629,772,1862,10,25,146,137,1793.8,167,355,443,438,100,125,263,55,183,427,373,420,349,265,256,295,138,106,5,"2557,1610612750"
285,2575,Luke Walton,1610612747,LAL,31.0,54,39,15,0.722,484.3883333333333,6,10,11,24,149,158,127,402,4,5,38,18,272.4,275,116,91,50,343,405,377,348,380,97,129,103,112,346,76,88,371,365,5,"2575,1610612747"
286,2736,Luol Deng,1610612741,CHI,26.0,82,62,20,0.756,3207.9183333333335,256,211,220,590,1026,803,866,2458,48,61,162,281,2568.2,2,1,128,22,3,16,18,31,36,447,440,439,434,76,408,333,37,37,5,"2736,1610612741"
287,101129,Luther Head,1610612758,SAC,28.0,36,8,28,0.222,585.5816666666667,21,18,26,54,219,155,173,514,9,11,43,37,402.0,351,391,221,426,328,341,350,289,335,135,124,134,137,275,140,94,328,322,5,"101129,1610612758"
288,2124,Malik Allen,1610612753,ORL,33.0,18,9,9,0.5,178.30166666666668,0,7,2,14,63,57,40,142,4,1,30,6,79.4,402,385,53,215,394,429,383,406,397,57,61,45,56,346,22,73,410,410,5,"2124,1610612753"
289,202412,Manny Harris,1610612739,CLE,21.0,54,7,47,0.13,933.3466666666667,72,35,97,122,322,286,271,838,7,27,65,72,667.5,275,399,400,446,268,219,288,132,259,185,199,187,189,296,271,129,245,275,5,"202412,1610612739"
290,1938,Manu Ginobili,1610612759,SAS,33.0,80,61,19,0.763,2425.49,206,139,224,424,760,652,730,2046,28,49,163,385,2615.5,53,7,121,19,66,39,67,29,80,368,380,403,377,144,385,335,14,28,5,"1938,1610612759"
291,201188,Marc Gasol,1610612763,MEM,26.0,81,46,35,0.568,2586.4566666666665,111,182,43,612,829,658,815,2178,136,56,265,338,2417.8,33,65,306,151,46,149,35,248,31,404,384,431,404,11,401,447,25,47,5,"201188,1610612763"
292,101162,Marcin Gortat,1610612756,PHX,27.0,80,43,37,0.538,2032.8916666666667,108,159,43,558,659,559,502,1672,91,57,188,182,1979.2,53,81,331,173,127,161,51,248,43,324,341,297,324,24,404,382,93,86,5,"101162,1610612756"
293,201158,Marco Belinelli,1610612740,NOH,25.0,80,44,36,0.55,1957.1616666666666,143,69,163,148,594,419,498,1554,6,26,146,128,1210.2,53,74,319,164,134,100,181,58,231,301,260,296,309,310,266,295,149,181,5,"201158,1610612740"
294,2556,Marcus Banks,1610612761,TOR,29.0,3,1,2,0.333,21.75,2,0,2,0,16,9,10,26,0,0,4,5,12.7,442,439,11,355,440,419,425,406,443,22,19,19,18,426,1,20,418,438,5,"2556,1610612761"
295,948,Marcus Camby,1610612757,POR,37.0,59,32,27,0.542,1540.375,43,98,12,184,477,374,390,1226,92,8,140,86,1519.7,239,183,208,169,192,285,114,340,198,245,244,238,247,23,103,280,219,138,5,"948,1610612757"
296,202408,Marcus Cousin,1610612762,UTA,24.0,4,2,2,0.5,18.311666666666667,0,0,0,0,6,7,9,16,1,0,1,0,9.6,437,432,11,215,443,429,425,422,443,11,15,13,12,402,1,6,444,442,5,"202408,1610612762"
297,201977,Marcus Thornton,1610612758,SAC,24.0,73,37,36,0.507,1775.79,162,73,159,346,673,433,641,1600,9,53,110,139,1571.1,139,136,319,209,151,83,165,66,114,330,274,364,314,275,395,223,134,129,5,"201977,1610612758"
298,201596,Mario Chalmers,1610612748,MIA,25.0,70,52,18,0.743,1579.31,75,33,52,88,513,434,393,1272,7,12,158,74,1045.7,177,43,111,39,183,214,295,226,299,257,275,240,261,296,152,320,241,209,5,"201596,1610612748"
299,201238,Mario West,1610612751,NJN,27.0,6,1,5,0.167,115.95833333333333,7,2,11,16,17,31,12,110,0,2,13,8,69.2,432,439,32,441,411,395,404,348,392,23,42,24,44,426,36,38,404,414,5,"201238,1610612751"
300,2605,Marquis Daniels,1610612738,BOS,30.0,49,37,12,0.755,938.305,59,42,53,184,313,253,220,714,22,18,63,61,647.6,299,136,68,28,267,246,271,225,198,182,186,159,175,176,212,124,269,278,5,"2605,1610612738"
301,201578,Marreese Speights,1610612755,PHI,23.0,64,33,31,0.516,733.5483333333333,57,86,38,154,279,191,223,634,19,17,120,71,682.0,213,174,246,199,303,250,134,259,220,166,149,161,159,198,203,244,249,273,5,"201578,1610612755"
302,101110,Martell Webster,1610612750,MIN,24.0,46,7,39,0.152,1094.4666666666667,56,60,60,122,438,329,345,938,9,20,101,104,761.9,313,399,344,444,246,255,213,202,259,231,222,216,208,275,228,205,186,253,5,"101110,1610612750"
303,101107,Marvin Williams,1610612737,ATL,25.0,65,34,31,0.523,1864.55,102,91,120,246,556,484,539,1586,23,31,104,127,1292.6,206,165,246,193,139,172,126,96,155,283,302,320,313,171,297,211,150,169,5,"101107,1610612737"
304,2440,Matt Barnes,1610612747,LAL,31.0,53,36,17,0.679,1019.8583333333333,61,66,72,180,350,328,312,784,22,15,127,69,861.1,284,145,102,84,253,244,193,174,205,196,220,202,185,176,179,256,252,237,5,"2440,1610612747"
305,2588,Matt Bonner,1610612759,SAS,31.0,66,48,18,0.727,1431.7116666666666,86,47,29,74,416,413,396,1198,21,7,110,41,971.8,202,55,111,47,207,194,257,280,316,223,257,241,244,181,91,223,313,218,5,"2588,1610612759"
306,2679,Matt Carroll,1610612766,CHA,30.0,54,24,30,0.444,581.9866666666667,30,45,27,54,196,155,165,454,6,15,43,45,397.1,275,243,238,271,329,321,260,284,335,121,124,127,123,310,179,94,301,327,5,"2679,1610612766"
307,200772,Maurice Ager,1610612750,MIN,27.0,4,1,3,0.25,28.998333333333335,0,0,7,4,12,8,4,16,0,0,4,2,17.9,437,439,17,406,437,429,425,375,421,17,17,7,12,426,1,20,433,432,5,"200772,1610612750"
308,2230,Maurice Evans,1610612764,WAS,32.0,73,36,37,0.493,1548.915,89,80,113,148,575,453,515,1418,14,30,129,53,826.7,139,145,331,229,191,191,151,107,231,292,286,304,283,239,288,262,285,243,5,"2230,1610612764"
309,2246,Mehmet Okur,1610612762,UTA,32.0,13,5,8,0.385,168.43,11,6,0,18,58,28,60,140,4,3,18,12,145.5,413,416,45,320,396,380,390,422,389,54,41,59,55,346,57,51,391,390,5,"2246,1610612762"
310,2408,Melvin Ely,1610612743,DEN,33.0,30,18,12,0.6,366.475,7,19,0,52,129,121,90,334,11,6,50,20,209.8,367,303,68,123,367,395,345,422,340,85,99,77,94,260,85,107,366,376,5,"2408,1610612743"
311,1897,Metta World Peace,1610612747,LAL,31.0,82,57,25,0.695,2409.7533333333336,121,114,82,258,719,663,717,2036,36,42,181,136,1669.9,2,15,190,69,68,129,92,158,148,354,386,396,375,109,351,368,139,119,5,"1897,1610612747"
312,201563,Michael Beasley,1610612750,MIN,22.0,73,14,59,0.192,2361.4583333333335,180,196,86,568,1012,658,843,2130,52,81,222,222,2251.8,139,345,448,434,73,58,24,150,42,446,384,437,391,62,433,424,66,56,5,"201563,1610612750"
313,2072,Michael Redd,1610612749,MIL,31.0,10,6,4,0.6,134.31833333333333,3,4,5,16,32,34,37,122,1,0,4,2,76.6,422,408,25,123,407,417,397,389,392,34,46,42,48,402,1,20,433,412,5,"2072,1610612749"
314,2554,Mickael Pietrus,1610612756,PHX,29.0,57,33,24,0.579,1106.89,69,38,55,58,388,279,302,930,21,11,101,57,721.7,259,174,175,144,244,230,281,217,329,213,197,198,207,181,140,205,277,264,5,"2554,1610612756"
315,1710,Mike Bibby,1610612748,MIA,33.0,80,49,31,0.613,2284.415,95,71,82,66,708,588,670,1846,9,6,175,98,1395.5,53,48,246,118,87,179,172,158,324,350,352,378,348,275,85,356,199,153,5,"1710,1610612748"
316,201144,Mike Conley,1610612763,MEM,23.0,81,46,35,0.568,2871.7316666666666,238,53,227,508,890,750,922,2450,18,71,182,230,2505.4,33,65,306,151,16,23,237,28,52,421,426,444,433,202,424,371,59,40,5,"201144,1610612763"
317,2399,Mike Dunleavy,1610612754,IND,30.0,61,28,33,0.459,1682.7133333333334,78,59,90,152,572,430,455,1278,30,13,107,110,1311.7,231,212,273,257,167,205,217,144,225,289,273,263,262,133,161,217,179,167,5,"2399,1610612754"
318,200839,Mike Harris,1610612745,HOU,28.0,4,3,1,0.75,15.683333333333334,2,2,0,4,4,2,6,12,1,2,2,3,17.5,437,425,7,32,444,419,404,422,421,7,6,10,9,402,36,10,425,433,5,"200839,1610612745"
319,2034,Mike Miller,1610612748,MIA,31.0,41,27,14,0.659,837.645,21,20,21,52,317,218,269,652,2,10,88,36,550.3,329,220,84,100,285,341,342,308,340,184,162,185,164,388,131,178,331,299,5,"2034,1610612748"
320,2590,Mo Williams,1610612746,LAC,28.0,58,19,39,0.328,1788.545,113,54,156,196,655,504,588,1622,10,27,150,139,1583.6,251,290,344,360,149,142,231,70,187,322,316,341,315,265,271,306,134,127,5,"2590,1610612746"
321,101145,Monta Ellis,1610612744,GSW,25.0,80,35,45,0.438,3226.673333333333,383,139,401,728,1173,975,1319,3120,23,59,203,381,3262.2,53,160,391,280,1,2,67,4,16,451,452,452,452,171,405,404,16,10,5,"101145,1610612744"
322,2050,Morris Peterson,1610612760,OKC,33.0,4,2,2,0.5,22.933333333333334,2,0,0,2,13,1,9,16,0,0,5,0,9.1,437,432,11,215,439,419,425,422,430,18,5,13,12,426,1,24,444,443,5,"2050,1610612760"
323,201203,Mustafa Shakur,1610612764,WAS,26.0,22,5,17,0.227,159.11833333333334,12,2,11,30,65,37,40,134,3,2,15,10,120.9,392,416,102,422,399,371,404,348,373,59,49,45,53,365,36,45,398,394,5,"201203,1610612764"
324,101126,Nate Robinson,1610612760,OKC,27.0,59,44,15,0.746,1013.2433333333333,68,30,93,90,329,252,239,726,4,8,115,70,706.5,239,74,91,38,255,232,309,138,297,188,185,177,179,346,103,232,250,268,5,"101126,1610612760"
325,1737,Nazr Mohammed,1610612760,OKC,33.0,75,40,35,0.533,1279.6,72,150,32,374,433,321,404,1018,56,48,184,100,1199.1,121,106,306,176,222,219,56,273,100,229,216,248,219,57,381,375,195,182,5,"1737,1610612760"
326,2420,Nenad Krstic,1610612738,BOS,27.0,71,44,27,0.62,1571.0666666666666,79,130,31,282,455,427,412,1498,25,35,184,119,1114.5,167,74,208,112,186,203,73,277,133,237,270,251,299,161,317,375,161,199,5,"2420,1610612738"
327,2403,Nene,1610612743,DEN,28.0,75,46,29,0.613,2290.7966666666666,139,137,90,702,720,600,563,1938,73,56,238,330,2336.7,121,65,230,118,85,103,70,144,19,355,357,330,357,36,401,435,26,54,5,"2403,1610612743"
328,2555,Nick Collison,1610612760,OKC,30.0,71,48,23,0.676,1523.73,45,100,8,240,494,408,336,1222,31,25,210,118,975.7,167,55,166,87,195,278,108,369,161,251,256,213,246,127,256,412,167,217,5,"2555,1610612760"
329,201156,Nick Young,1610612764,WAS,26.0,64,14,50,0.219,2033.77,167,91,167,210,725,552,670,1814,17,30,144,170,1532.3,213,345,418,427,126,73,126,53,176,358,339,378,339,211,288,289,102,134,5,"201156,1610612764"
330,201587,Nicolas Batum,1610612757,POR,22.0,80,47,33,0.588,2521.846666666667,177,145,110,366,779,664,630,2126,49,41,194,188,1875.7,53,60,273,133,57,60,60,113,103,381,389,355,390,72,348,389,86,99,5,"201587,1610612757"
331,201593,Nikola Pekovic,1610612750,MIN,25.0,65,15,50,0.231,887.4083333333333,59,115,25,268,370,234,302,690,35,34,181,107,699.1,206,336,418,418,274,246,89,292,141,207,175,198,172,111,309,368,182,270,5,"201593,1610612750"
332,201564,O.J. Mayo,1610612763,MEM,23.0,71,37,34,0.521,1869.36,176,62,210,206,586,515,571,1560,26,43,127,101,1422.5,167,136,288,194,137,61,205,35,181,297,322,333,310,155,362,256,192,148,5,"201564,1610612763"
333,201600,Omer Asik,1610612741,CHI,24.0,82,62,20,0.756,989.4483333333334,44,86,18,154,291,204,225,636,56,26,153,116,808.2,2,1,128,22,259,280,134,317,220,173,155,163,160,57,266,310,170,248,5,"201600,1610612741"
334,201956,Omri Casspi,1610612758,SAC,23.0,71,17,54,0.239,1702.18,122,92,119,208,675,455,638,1658,13,20,115,93,1222.4,167,315,436,412,163,125,125,99,177,332,289,361,323,247,228,232,211,178,5,"201956,1610612758"
335,101158,Orien Greene,1610612751,NJN,29.0,3,0,3,0.0,5.3,0,1,0,2,3,0,0,0,0,1,0,1,7.5,442,449,17,449,450,429,421,422,430,4,1,1,1,426,22,1,439,445,5,"101158,1610612751"
336,201785,Othyus Jeffers,1610612764,WAS,25.0,17,8,9,0.471,322.405,18,22,23,52,130,82,105,292,0,11,32,38,240.4,408,391,53,251,375,354,335,301,340,86,75,90,86,426,140,79,322,371,5,"201785,1610612764"
337,202377,Pape Sy,1610612737,ATL,23.0,3,0,3,0.0,20.983333333333334,3,0,2,4,8,6,9,8,0,2,1,3,13.6,442,449,17,449,441,417,425,406,421,14,10,13,6,426,36,6,425,437,5,"202377,1610612737"
338,201607,Patrick Ewing,1610612740,NOH,27.0,7,3,4,0.429,19.153333333333332,0,1,0,0,3,8,7,12,1,1,1,2,10.4,428,425,25,287,442,429,421,422,443,4,17,12,9,402,22,6,433,440,5,"201607,1610612740"
339,202335,Patrick Patterson,1610612745,HOU,22.0,52,29,23,0.558,867.5366666666666,46,94,16,168,290,274,260,882,37,10,77,38,760.5,288,202,166,156,277,276,120,324,213,171,193,180,196,106,131,151,322,255,5,"202335,1610612745"
340,201988,Patty Mills,1610612757,POR,22.0,64,40,24,0.625,782.705,71,23,41,104,259,261,195,718,1,18,63,72,599.7,213,106,175,110,293,226,332,253,279,153,189,150,176,402,212,124,245,288,5,"201988,1610612757"
341,2200,Pau Gasol,1610612747,LAL,30.0,82,57,25,0.695,3037.0833333333335,206,302,96,858,859,863,831,2512,130,85,203,363,3345.7,2,15,190,69,8,39,6,135,10,413,448,433,438,12,438,404,19,9,5,"2200,1610612747"
342,202331,Paul George,1610612754,IND,21.0,61,29,32,0.475,1264.805,109,46,121,190,453,334,345,1098,26,29,127,75,1036.3,231,202,262,248,223,157,258,95,191,235,225,216,232,155,282,256,238,211,5,"202331,1610612754"
343,200794,Paul Millsap,1610612762,UTA,26.0,76,36,40,0.474,2604.9483333333333,173,201,110,642,844,694,695,2186,69,68,272,266,2661.3,111,145,353,249,43,67,20,113,25,410,408,389,406,41,417,449,39,25,5,"200794,1610612762"
344,1718,Paul Pierce,1610612738,BOS,33.0,80,55,25,0.688,2774.0616666666665,245,139,207,542,831,685,631,2078,51,50,231,352,2639.0,53,28,190,81,25,20,67,36,48,405,400,357,378,66,389,431,22,27,5,"1718,1610612738"
345,978,Peja Stojakovic,1610612742,DAL,34.0,33,25,8,0.758,616.5766666666667,75,30,51,36,199,171,175,560,2,6,24,17,441.5,359,231,45,20,317,214,309,227,363,123,136,137,146,388,85,59,375,312,5,"978,1610612742"
346,200817,Pooh Jeter,1610612758,SAC,27.0,62,16,46,0.258,858.0866666666667,36,11,71,50,373,241,307,884,2,11,54,49,624.0,227,331,395,403,283,298,374,176,347,210,180,201,197,388,140,113,294,286,5,"200817,1610612758"
347,200822,Pops Mensah-Bonsu,1610612740,NOH,27.0,7,6,1,0.857,35.14,0,2,0,2,21,5,10,28,0,0,11,0,16.2,428,408,7,8,434,429,404,422,430,25,9,19,19,426,1,34,444,435,5,"200822,1610612740"
348,2047,Quentin Richardson,1610612753,ORL,31.0,57,37,20,0.649,955.37,36,32,26,80,349,229,205,650,5,14,74,54,576.6,259,136,128,103,264,298,301,289,306,195,171,155,163,327,169,144,282,293,5,"2047,1610612753"
349,202347,Quincy Pondexter,1610612740,NOH,23.0,66,35,31,0.53,733.5716666666667,38,29,38,80,218,177,169,546,10,12,63,28,400.6,202,160,246,182,302,294,314,259,306,134,144,131,141,265,152,124,351,323,5,"202347,1610612740"
350,2624,Quinton Ross,1610612751,NJN,30.0,36,7,29,0.194,353.25,10,4,7,12,107,71,76,240,6,2,40,17,128.0,351,399,230,433,369,384,397,375,401,77,63,68,71,310,36,92,375,391,5,"2624,1610612751"
351,1952,Raja Bell,1610612762,UTA,34.0,68,34,34,0.5,2097.13,95,49,95,70,708,619,544,1862,14,19,169,127,1076.2,191,165,288,215,114,179,248,136,322,350,370,321,349,239,223,346,150,206,5,"1952,1610612762"
352,200765,Rajon Rondo,1610612738,BOS,25.0,68,47,21,0.691,2526.7816666666668,127,40,142,422,766,663,577,1980,11,51,120,157,2475.4,191,60,144,78,56,116,276,80,81,372,386,338,365,260,391,244,116,44,5,"200765,1610612738"
353,201196,Ramon Sessions,1610612739,CLE,25.0,81,19,62,0.235,2132.701666666667,129,68,213,536,713,609,616,2020,8,62,93,315,2035.5,33,290,451,415,107,114,186,32,49,352,365,352,372,288,411,188,31,77,5,"201196,1610612739"
354,200751,Randy Foye,1610612746,LAC,27.0,63,28,35,0.444,1551.2983333333334,95,60,85,122,614,478,489,1372,21,25,122,99,1103.6,222,212,306,271,189,179,213,151,259,309,300,290,277,181,256,249,198,201,5,"200751,1610612746"
355,1740,Rashard Lewis,1610612764,WAS,31.0,57,24,33,0.421,1824.505,92,83,59,176,579,485,506,1488,30,16,159,100,1313.0,259,243,273,295,144,186,142,204,207,294,303,299,298,133,187,322,195,166,5,"1740,1610612764"
356,2446,Rasual Butler,1610612741,CHI,32.0,47,17,30,0.362,769.785,35,17,40,24,289,200,221,570,15,9,37,14,399.9,309,315,238,341,296,305,352,254,380,170,153,160,148,230,117,86,384,325,5,"2446,1610612741"
357,951,Ray Allen,1610612738,BOS,35.0,80,55,25,0.688,2890.0066666666667,259,107,211,336,874,746,674,2220,16,35,147,153,2140.3,53,28,190,81,13,15,99,34,118,418,424,382,407,223,317,300,121,65,5,"951,1610612738"
358,101109,Raymond Felton,1610612743,DEN,27.0,75,44,31,0.587,2737.295,174,89,180,394,909,791,682,2592,11,39,150,206,2611.3,121,74,246,135,30,64,130,48,89,426,439,384,443,260,341,306,74,29,5,"101109,1610612743"
359,2501,Reggie Evans,1610612761,TOR,31.0,30,11,19,0.367,798.13,10,39,12,82,360,223,299,832,6,21,89,96,669.0,367,366,121,338,289,384,279,340,303,199,164,196,188,310,232,181,202,274,5,"2501,1610612761"
360,202130,Reggie Williams,1610612744,GSW,24.0,80,36,44,0.45,1626.2683333333334,125,86,140,254,585,501,576,1414,3,22,124,116,1214.7,53,145,388,264,177,121,134,85,151,296,312,337,281,365,241,250,170,180,5,"202130,1610612744"
361,200764,Renaldo Balkman,1610612752,NYK,26.0,8,6,2,0.75,62.655,0,0,7,10,15,15,11,38,2,2,15,3,44.4,425,408,11,32,428,429,425,375,406,21,25,22,21,388,36,45,425,423,5,"200764,1610612752"
362,1888,Richard Hamilton,1610612765,DET,33.0,55,19,36,0.345,1498.0383333333334,110,68,87,164,531,421,489,1386,4,21,95,118,1225.7,274,290,319,349,200,151,186,148,217,267,261,290,278,346,232,192,167,177,5,"1888,1610612765"
363,2210,Richard Jefferson,1610612759,SAS,31.0,81,60,21,0.741,2458.528333333333,148,70,165,236,761,645,712,2094,34,27,164,160,1546.5,33,9,144,40,63,95,176,55,164,369,378,394,383,116,271,340,112,131,5,"2210,1610612759"
364,201577,Robin Lopez,1610612756,PHX,23.0,67,33,34,0.493,991.125,57,99,17,276,373,276,338,910,45,42,143,96,844.2,195,174,288,229,258,250,111,320,138,210,194,215,203,83,351,283,202,239,5,"201577,1610612756"
365,200760,Rodney Carney,1610612763,MEM,27.0,27,13,14,0.481,335.30833333333334,12,13,23,32,139,79,130,336,5,4,33,19,236.1,377,355,84,241,372,371,366,301,367,91,70,104,95,327,71,80,369,372,5,"200760,1610612763"
366,201155,Rodney Stuckey,1610612765,DET,25.0,70,25,45,0.357,2183.4416666666666,165,77,255,482,697,665,677,1948,10,74,177,269,1985.7,177,231,391,343,97,76,155,20,59,341,390,383,360,265,427,361,38,84,5,"201155,1610612765"
367,201958,Rodrigue Beaubois,1610612742,DAL,23.0,28,19,9,0.679,495.6716666666667,49,15,59,118,204,124,194,442,8,16,76,36,431.4,375,290,53,84,339,266,358,204,264,125,102,149,119,288,187,148,331,315,5,"201958,1610612742"
368,2427,Roger Mason Jr.,1610612752,NYK,30.0,26,10,16,0.385,319.0133333333333,11,0,11,4,131,83,93,288,2,2,25,7,174.6,379,374,98,320,376,380,425,348,421,87,76,79,85,388,36,62,406,384,5,"2427,1610612752"
369,2648,Ronald Dupree,1610612761,TOR,30.0,3,0,3,0.0,12.751666666666667,2,0,2,2,3,6,3,10,0,1,2,0,7.1,442,449,17,449,446,419,425,406,430,4,10,6,7,426,22,10,444,446,5,"2648,1610612761"
370,200758,Ronnie Brewer,1610612741,CHI,26.0,81,61,20,0.753,1781.44,117,90,129,264,550,406,464,1292,22,25,82,110,1356.4,33,7,128,30,150,132,128,91,145,277,255,268,266,176,256,163,179,159,5,"200758,1610612741"
371,101179,Ronnie Price,1610612762,UTA,28.0,59,31,28,0.525,716.8016666666666,51,25,57,76,256,162,180,512,5,13,106,60,440.2,239,190,221,190,306,262,326,212,311,150,130,141,136,327,161,214,271,313,5,"101179,1610612762"
372,101142,Ronny Turiaf,1610612752,NYK,28.0,64,32,32,0.5,1140.6933333333334,46,55,21,196,345,349,324,948,73,16,160,87,936.4,213,183,262,215,238,276,228,308,187,193,230,208,210,36,187,328,217,226,5,"101142,1610612752"
373,201579,Roy Hibbert,1610612754,IND,24.0,81,37,44,0.457,2244.0216666666665,123,195,26,620,861,614,694,1896,142,75,256,285,2346.0,33,136,388,260,91,123,27,289,30,415,369,387,353,8,428,444,36,52,5,"201579,1610612754"
374,2767,Royal Ivey,1610612760,OKC,29.0,25,20,5,0.8,154.70833333333334,12,0,4,12,46,52,55,156,1,1,17,5,86.7,382,280,32,10,401,371,425,394,401,45,58,57,60,402,22,50,418,407,5,"2767,1610612760"
375,201164,Rudy Fernandez,1610612757,POR,26.0,78,46,32,0.59,1820.7316666666666,106,76,80,132,593,505,416,1566,14,15,134,141,1378.9,90,65,262,132,145,166,157,162,252,300,317,252,311,239,179,269,131,156,5,"201164,1610612757"
376,200752,Rudy Gay,1610612763,MEM,24.0,54,30,24,0.556,2151.7633333333333,204,111,142,422,675,518,694,1834,58,42,131,166,2013.7,275,196,175,159,103,42,97,80,81,332,325,387,346,52,351,265,107,80,5,"200752,1610612763"
377,201566,Russell Westbrook,1610612760,OKC,22.0,82,55,27,0.671,2847.38,327,128,420,844,896,859,757,2708,30,103,207,430,3491.8,2,28,208,90,19,6,75,2,11,425,446,413,446,133,446,408,7,4,5,"201566,1610612760"
378,201583,Ryan Anderson,1610612753,ORL,23.0,64,43,21,0.672,1424.3683333333333,90,113,49,170,461,297,299,1060,38,25,137,94,1340.0,213,81,144,88,208,189,95,230,209,239,205,196,225,101,256,276,208,162,5,"201583,1610612753"
379,101155,Ryan Gomes,1610612746,LAC,28.0,76,29,47,0.382,2095.1866666666665,78,62,73,108,780,536,638,1792,12,11,159,62,1195.8,111,202,400,324,115,205,205,172,275,383,329,361,335,253,140,322,266,183,5,"101155,1610612746"
380,200797,Ryan Hollins,1610612739,CLE,26.0,70,17,53,0.243,1181.5816666666667,43,66,58,232,371,320,305,896,42,31,199,162,760.2,177,315,433,411,232,285,193,210,166,209,215,200,202,91,297,397,110,256,5,"200797,1610612739"
381,201970,Sam Young,1610612763,MEM,26.0,78,44,34,0.564,1577.0566666666666,110,49,144,290,526,424,487,1292,23,55,120,94,1114.9,90,74,288,153,184,151,248,77,132,263,266,287,266,171,398,244,208,198,5,"201970,1610612763"
382,202396,Samardo Samuels,1610612739,CLE,22.0,37,4,33,0.108,701.4166666666666,53,90,30,190,277,197,196,620,18,34,88,103,549.1,347,422,273,447,308,259,128,278,191,164,151,152,156,202,309,178,188,300,5,"202396,1610612739"
383,2223,Samuel Dalembert,1610612758,SAC,31.0,80,22,58,0.275,1937.4616666666666,87,192,44,398,801,516,717,1814,116,34,225,130,1856.9,53,262,443,393,135,193,29,241,88,396,324,396,339,16,309,426,148,101,5,"2223,1610612758"
384,2562,Sasha Pavlovic,1610612738,BOS,27.0,31,13,18,0.419,362.015,18,2,17,16,139,108,97,316,7,2,34,11,177.4,362,355,111,296,368,354,404,320,392,91,91,82,91,296,36,81,392,383,5,"2562,1610612738"
385,2756,Sasha Vujacic,1610612751,NJN,27.0,67,26,41,0.388,1647.4233333333334,97,77,68,56,535,461,468,1468,5,24,136,94,1188.2,195,227,364,316,175,176,155,184,333,269,293,273,292,327,251,272,208,184,5,"2756,1610612751"
386,1752,Sean Marks,1610612757,POR,35.0,29,15,14,0.517,208.45833333333334,8,7,2,10,93,81,72,178,5,1,44,6,112.0,371,336,84,198,389,389,383,406,406,67,73,67,64,327,22,97,410,397,5,"1752,1610612757"
387,2742,Sebastian Telfair,1610612750,MIN,26.0,37,11,26,0.297,710.58,44,24,28,74,296,205,271,616,3,17,64,55,517.3,347,366,203,377,307,280,328,282,316,174,157,187,155,365,203,128,278,305,5,"2742,1610612750"
388,201623,Semih Erden,1610612739,CLE,24.0,41,31,10,0.756,594.8816666666667,35,27,21,122,194,152,135,476,24,16,104,52,417.6,329,190,59,22,321,305,322,308,259,120,122,106,126,167,187,211,288,316,5,"201623,1610612739"
389,201586,Serge Ibaka,1610612760,OKC,21.0,82,55,27,0.671,2215.7083333333335,111,259,78,472,729,673,546,2000,198,34,267,148,2203.4,2,28,208,90,94,149,9,166,64,360,395,325,369,1,309,448,125,61,5,"201586,1610612760"
390,2203,Shane Battier,1610612763,MEM,32.0,82,42,40,0.512,2374.4866666666667,74,89,67,208,697,669,745,2130,81,14,158,134,1720.1,2,93,353,205,72,216,130,186,177,341,393,411,391,28,169,320,142,114,5,"2203,1610612763"
391,200769,Shannon Brown,1610612747,LAL,25.0,82,57,25,0.695,1568.3283333333334,137,65,162,260,467,489,402,1232,16,29,124,72,1218.4,2,15,190,69,187,105,197,62,147,242,308,247,249,223,282,250,245,179,5,"200769,1610612747"
392,406,Shaquille O'Neal,1610612738,BOS,39.0,37,28,9,0.757,751.575,34,56,33,268,249,191,189,516,42,13,120,101,711.6,347,212,53,21,299,308,223,267,141,147,149,147,138,91,161,244,192,267,5,"406,1610612738"
393,2733,Shaun Livingston,1610612766,CHA,25.0,73,31,42,0.425,1260.7416666666666,114,43,65,248,434,301,330,884,29,18,109,112,1043.8,139,190,373,293,224,140,268,193,153,230,210,210,197,140,212,219,176,210,5,"2733,1610612766"
394,1890,Shawn Marion,1610612742,DAL,33.0,80,56,24,0.7,2252.9133333333334,192,145,193,760,752,628,660,1984,50,44,144,121,2049.2,53,24,175,63,90,51,60,40,14,366,372,372,366,70,373,289,158,75,5,"1890,1610612742"
395,200761,Shawne Williams,1610612752,NYK,25.0,64,33,31,0.516,1323.105,58,69,58,110,411,434,367,1248,51,19,164,50,1035.3,213,174,246,199,219,249,181,210,274,221,275,225,254,66,223,340,290,212,5,"200761,1610612752"
396,200749,Shelden Williams,1610612752,NYK,27.0,59,38,21,0.644,910.3683333333333,32,61,42,140,306,286,280,840,26,25,126,81,743.6,239,130,144,107,271,315,208,251,239,177,199,192,190,155,256,253,225,261,5,"200749,1610612752"
397,202395,Sherron Collins,1610612766,CHA,24.0,20,8,12,0.4,65.88166666666666,0,0,4,8,33,20,24,50,0,2,2,3,37.0,397,391,68,307,427,429,425,394,412,35,30,31,24,426,36,10,425,427,5,"202395,1610612766"
398,202374,Solomon Alabi,1610612761,TOR,23.0,12,1,11,0.083,59.01,0,4,0,6,13,22,15,46,2,3,5,1,34.8,417,439,63,448,429,429,397,422,415,18,33,27,23,388,57,24,439,428,5,"202374,1610612761"
399,200780,Solomon Jones,1610612754,IND,26.0,39,15,24,0.385,528.1766666666666,22,38,15,68,164,129,106,366,22,16,94,55,386.6,340,336,175,320,334,339,281,329,323,105,109,91,103,176,187,189,278,333,5,"200780,1610612754"
400,201603,Sonny Weems,1610612761,TOR,24.0,59,17,42,0.288,1413.1883333333333,84,64,156,238,528,380,545,1498,2,36,87,67,906.6,239,315,373,384,210,197,201,70,162,265,246,323,299,388,322,174,256,232,5,"201603,1610612761"
401,201150,Spencer Hawes,1610612755,PHI,23.0,81,41,40,0.506,1718.2883333333334,71,107,44,344,519,426,463,1462,71,41,201,90,1526.5,33,96,353,211,161,226,99,241,115,261,268,267,291,40,348,401,216,135,5,"201150,1610612755"
402,201939,Stephen Curry,1610612744,GSW,23.0,74,33,41,0.446,2488.9933333333333,275,133,299,338,892,739,1043,2422,20,40,233,193,2525.2,132,174,364,268,60,14,72,12,117,422,421,449,428,191,344,434,84,39,5,"201939,1610612744"
403,101211,Stephen Graham,1610612751,NJN,29.0,59,19,40,0.322,958.4533333333334,38,14,33,58,354,291,260,874,1,7,106,40,412.6,239,290,353,362,263,294,363,267,329,197,201,180,195,402,91,214,315,319,5,"101211,1610612751"
404,1536,Stephen Jackson,1610612766,CHA,33.0,67,30,37,0.448,2404.5016666666666,153,115,128,388,914,670,770,2120,28,78,161,230,2081.3,195,196,331,267,70,93,89,92,93,427,394,418,388,144,430,331,59,72,5,"1536,1610612766"
405,2581,Steve Blake,1610612747,LAL,31.0,79,55,24,0.696,1581.2416666666666,57,17,24,22,490,489,459,1286,3,8,99,45,817.2,79,28,175,66,182,250,352,294,384,250,308,265,265,365,103,201,301,245,5,"2581,1610612747"
406,959,Steve Nash,1610612756,PHX,37.0,75,39,36,0.52,2496.778333333333,155,48,66,360,828,731,665,2164,4,18,87,228,2591.5,121,116,319,196,59,91,254,190,106,403,418,375,399,346,212,174,62,32,5,"959,1610612756"
407,200779,Steve Novak,1610612759,SAS,28.0,30,18,12,0.6,215.03666666666666,8,8,12,2,94,87,71,208,5,0,14,6,156.1,367,303,68,123,387,389,381,340,430,69,81,66,67,327,1,42,410,389,5,"200779,1610612759"
408,202178,Sundiata Gaines,1610612751,NJN,25.0,24,9,15,0.375,300.59,24,5,24,40,99,109,77,242,1,8,25,31,243.6,384,385,91,327,378,337,393,294,360,72,93,69,72,402,103,62,346,370,5,"202178,1610612751"
409,2551,T.J. Ford,1610612754,IND,28.0,41,17,24,0.415,773.1266666666667,44,23,55,76,241,176,141,482,8,16,69,59,597.7,329,315,175,298,295,280,332,217,311,144,141,110,129,288,187,134,273,289,5,"2551,1610612754"
410,201959,Taj Gibson,1610612741,CHI,26.0,80,60,20,0.75,1742.2466666666667,78,135,46,336,522,418,497,1266,106,49,203,116,1569.6,53,9,128,32,156,205,71,235,118,262,258,294,258,17,385,404,170,130,5,"201959,1610612741"
411,2419,Tayshaun Prince,1610612765,DET,31.0,78,29,49,0.372,2561.5666666666666,225,148,190,476,812,728,832,2320,41,28,90,156,1946.3,90,202,412,333,49,30,58,44,61,398,417,434,420,97,276,182,118,90,5,"2419,1610612765"
412,201944,Terrence Williams,1610612745,HOU,24.0,21,7,14,0.333,290.035,20,13,13,54,121,85,100,212,0,7,25,18,218.2,394,399,84,355,382,345,366,335,335,82,79,84,68,426,91,62,371,373,5,"201944,1610612745"
413,200757,Thabo Sefolosha,1610612760,OKC,27.0,79,53,26,0.671,2049.2083333333335,90,54,80,190,635,571,529,1974,38,21,171,65,1332.7,79,42,203,90,124,189,231,162,191,315,345,312,363,101,232,348,260,164,5,"200757,1610612760"
414,201152,Thaddeus Young,1610612755,PHI,23.0,82,41,41,0.5,2134.8366666666666,173,161,243,742,587,563,509,1796,26,42,170,171,1937.8,2,96,364,215,106,67,49,23,15,298,342,301,336,155,351,347,101,91,5,"201152,1610612755"
415,689,Theo Ratliff,1610612747,LAL,38.0,10,10,0,1.0,70.50166666666667,0,0,0,2,33,16,30,70,5,1,7,6,40.1,422,374,1,1,424,429,425,422,430,35,27,38,31,327,22,27,410,426,5,"689,1610612747"
416,201168,Tiago Splitter,1610612759,SAS,26.0,60,43,17,0.717,738.045,36,73,18,202,263,231,219,630,17,22,91,127,664.2,235,81,102,52,301,298,165,317,182,157,172,158,158,211,241,184,150,276,5,"201168,1610612759"
417,1495,Tim Duncan,1610612759,SAS,35.0,76,60,16,0.789,2156.2183333333332,128,145,45,550,656,545,608,1782,146,47,119,193,2606.1,111,9,98,14,102,115,60,237,47,323,335,349,333,7,377,240,84,31,5,"1495,1610612759"
418,202389,Timofey Mozgov,1610612743,DEN,24.0,45,27,18,0.6,524.095,31,46,11,102,226,148,148,518,25,15,84,46,415.7,315,220,111,123,336,319,258,348,284,137,120,116,139,161,179,169,299,317,5,"202389,1610612743"
419,201962,Toney Douglas,1610612752,NYK,25.0,81,41,40,0.506,1971.075,168,70,136,232,649,565,524,1796,4,28,177,98,1704.8,33,96,353,211,131,72,176,87,166,321,343,309,336,346,276,361,199,117,5,"201962,1610612752"
420,2754,Tony Allen,1610612763,MEM,29.0,72,40,32,0.556,1494.35,235,75,259,446,476,397,469,1242,44,36,161,135,1463.6,151,106,262,159,202,26,159,19,77,244,253,275,251,86,322,331,140,141,5,"2754,1610612763"
421,1499,Tony Battie,1610612755,PHI,35.0,38,14,24,0.368,376.9916666666667,5,19,3,46,107,83,99,266,15,1,59,15,284.8,343,345,175,336,363,407,345,401,352,77,76,83,81,230,22,115,383,361,5,"1499,1610612755"
422,2225,Tony Parker,1610612759,SAS,29.0,78,60,18,0.769,2527.6583333333333,241,81,374,824,781,655,740,2184,3,81,135,241,2502.1,90,9,111,17,55,22,148,6,12,386,382,408,405,365,433,270,55,41,5,"2225,1610612759"
423,1503,Tracy McGrady,1610612765,DET,32.0,72,25,47,0.347,1685.5033333333333,99,61,21,212,553,445,535,1474,34,22,101,131,1451.2,151,231,400,347,165,175,208,308,174,281,280,317,295,116,241,205,146,146,5,"1503,1610612765"
424,2566,Travis Outlaw,1610612751,NJN,26.0,82,24,58,0.293,2357.695,113,58,73,170,743,642,613,1988,36,32,148,141,1411.0,2,243,443,379,75,142,219,172,209,363,376,351,368,109,304,301,131,150,5,"2566,1610612751"
425,2772,Trevor Ariza,1610612740,NOH,25.0,75,43,32,0.573,2599.8483333333334,202,111,169,356,759,577,623,2156,31,43,180,157,1893.6,121,81,262,145,45,45,97,50,109,367,348,354,395,127,362,366,116,96,5,"2772,1610612740"
426,202344,Trevor Booker,1610612764,WAS,23.0,65,15,50,0.231,1063.0916666666667,72,88,64,262,363,357,384,948,42,9,115,78,874.7,206,336,418,418,248,219,133,194,146,202,233,235,210,91,117,232,230,234,5,"202344,1610612764"
427,201234,Trey Johnson,1610612747,LAL,26.0,8,3,5,0.375,94.36666666666666,7,2,6,10,26,24,28,80,1,3,12,6,59.9,425,425,32,327,415,395,404,381,406,30,36,35,35,402,57,37,410,417,5,"201234,1610612747"
428,2211,Troy Murphy,1610612738,BOS,31.0,35,13,22,0.371,465.9066666666667,17,9,8,40,171,124,142,386,3,13,47,26,313.1,355,355,155,334,346,358,378,369,360,107,102,111,110,365,161,103,355,354,5,"2211,1610612738"
429,201951,Ty Lawson,1610612743,DEN,23.0,80,49,31,0.613,2102.6,178,71,190,462,702,549,538,1872,4,69,133,180,1864.3,53,48,246,118,112,59,172,44,71,346,338,319,351,346,421,268,94,100,5,"201951,1610612743"
430,201946,Tyler Hansbrough,1610612754,IND,25.0,70,34,36,0.486,1535.405,108,165,62,296,526,396,497,1366,15,43,160,217,1347.7,177,165,319,239,194,161,48,198,127,263,252,294,272,230,362,328,70,161,5,"201946,1610612754"
431,201936,Tyreke Evans,1610612758,SAC,21.0,57,18,39,0.316,2107.056666666667,227,68,264,504,780,536,729,1986,30,68,143,202,1981.5,259,303,344,366,110,28,186,18,54,383,329,401,367,133,417,283,77,85,5,"201936,1610612758"
432,200748,Tyrus Thomas,1610612766,CHA,24.0,41,18,23,0.439,861.0716666666667,82,52,42,194,334,236,225,664,66,33,113,117,954.3,329,303,166,278,280,200,243,251,189,190,176,163,168,45,308,226,169,221,5,"200748,1610612766"
433,2199,Tyson Chandler,1610612742,DAL,28.0,74,54,20,0.73,2058.5116666666668,100,198,87,488,632,510,584,1796,80,25,240,258,1886.4,132,38,128,46,122,174,23,148,57,313,318,340,336,29,256,437,44,97,5,"2199,1610612742"
434,2617,Udonis Haslem,1610612748,MIA,31.0,13,8,5,0.615,344.9216666666667,12,21,6,32,96,99,91,264,3,3,39,28,256.2,413,391,32,116,370,371,339,381,367,71,86,78,80,365,57,89,351,368,5,"2617,1610612748"
435,1713,Vince Carter,1610612756,PHX,34.0,73,38,35,0.521,2051.5616666666665,126,119,85,374,647,547,510,1570,20,38,193,163,1742.0,139,130,306,194,123,118,81,151,100,320,337,302,312,191,333,387,108,113,5,"1713,1610612756"
436,2209,Vladimir Radmanovic,1610612744,GSW,30.0,74,32,42,0.432,1169.1816666666666,65,49,48,114,421,357,398,1010,44,15,157,40,953.9,132,183,373,283,235,239,248,233,269,225,233,244,217,86,179,317,315,222,5,"2209,1610612744"
437,101144,Von Wafer,1610612738,BOS,25.0,58,45,13,0.776,552.545,39,15,45,76,186,157,131,418,5,12,39,28,344.3,251,69,77,16,331,292,358,237,311,115,127,105,114,327,152,89,351,343,5,"101144,1610612738"
438,201961,Wayne Ellington,1610612750,MIN,23.0,62,14,48,0.226,1181.245,72,44,56,90,518,362,381,1026,3,18,85,42,687.6,227,345,407,425,233,219,263,214,297,259,235,234,221,365,212,173,312,272,5,"201961,1610612750"
439,202325,Wesley Johnson,1610612750,MIN,23.0,79,17,62,0.215,2069.37,130,85,109,130,833,611,790,1840,54,18,163,69,1460.0,79,315,451,429,119,113,137,116,255,406,367,425,347,59,212,335,252,143,5,"202325,1610612750"
440,202083,Wesley Matthews,1610612757,POR,24.0,82,48,34,0.585,2758.3933333333334,278,128,196,472,852,749,669,2300,9,64,195,263,2050.6,2,55,288,137,27,13,75,38,64,411,425,376,419,275,413,391,40,74,5,"202083,1610612757"
441,101198,Will Bynum,1610612765,DET,28.0,61,23,38,0.377,1125.1966666666667,113,35,98,234,390,328,375,1038,4,42,113,109,948.3,231,252,336,326,240,142,288,130,165,215,220,231,222,346,351,226,181,225,5,"101198,1610612765"
442,2584,Willie Green,1610612740,NOH,29.0,77,44,33,0.571,1673.91,112,42,110,208,557,338,396,1302,13,30,143,95,1056.2,103,74,273,147,168,147,271,113,177,284,226,241,269,247,288,283,204,208,5,"2584,1610612740"
443,202378,Willie Warren,1610612746,LAC,21.0,19,5,14,0.263,133.80166666666668,5,2,5,10,46,22,49,86,0,4,16,11,101.9,400,416,84,401,408,407,404,389,406,45,33,53,37,426,71,48,392,400,5,"202378,1610612746"
444,201163,Wilson Chandler,1610612743,DEN,24.0,72,41,31,0.569,2400.4166666666665,210,151,160,416,772,692,545,2224,94,36,199,121,2091.6,151,96,246,150,71,34,55,65,85,376,407,323,408,20,322,397,158,70,5,"201163,1610612743"
445,202333,Xavier Henry,1610612763,MEM,20.0,38,19,19,0.5,527.4316666666666,43,23,35,66,164,155,182,446,3,9,48,43,265.4,343,290,121,215,335,285,332,264,324,105,124,142,120,365,117,105,309,366,5,"202333,1610612763"
446,2397,Yao Ming,1610612745,HOU,30.0,5,1,4,0.2,90.51833333333333,2,11,0,24,30,42,38,84,8,3,13,17,106.4,433,439,25,430,417,419,374,422,380,32,53,44,36,288,57,38,375,399,5,"2397,1610612745"
447,201146,Yi Jianlian,1610612764,WAS,23.0,63,17,46,0.27,1111.835,63,73,33,116,414,298,370,950,32,20,115,69,816.1,222,315,395,397,243,242,165,267,267,222,207,230,212,123,228,232,252,246,5,"201146,1610612764"
448,202220,Zabian Dowdell,1610612756,PHX,26.0,24,14,10,0.583,291.6983333333333,20,4,16,44,94,90,101,260,2,3,30,21,258.5,384,345,59,138,381,345,397,324,354,69,82,85,78,388,57,73,362,367,5,"202220,1610612756"
449,2216,Zach Randolph,1610612763,MEM,29.0,75,43,32,0.573,2723.5583333333334,256,412,136,960,873,687,874,2344,25,109,175,327,2958.3,121,81,262,145,32,16,1,87,4,417,401,441,423,161,448,356,27,17,5,"2216,1610612763"
450,2585,Zaza Pachulia,1610612737,ATL,27.0,79,43,36,0.544,1243.7816666666668,36,99,25,184,453,333,366,1082,22,44,184,163,934.6,79,81,319,168,225,298,111,292,198,235,224,224,230,176,373,375,108,227,5,"2585,1610612737"
451,980,Zydrunas Ilgauskas,1610612748,MIA,36.0,72,51,21,0.708,1145.3533333333332,37,102,8,168,367,285,336,982,58,12,185,43,934.4,151,45,144,57,237,297,104,369,213,204,198,213,214,52,152,379,309,228,5,"980,1610612748"
