,PLAYER_ID,TEAM_ID,W,L,MIN,POSS,PCT_BLK,PCT_FGA_3PT,PLAYER_NAME,AGE,PLAYER_HEIGHT,PLAYER_WEIGHT,GP,AST_PCT,SEASON,TEAM_ABBREVIATION
0,201985,1610612754,22,28,795.1466666666665,1579,0.013999999999999999,0.466,AJ Price,24.0,6-2,181,50,0.233,2010-11,IND
1,201575,1610612754,27,40,1753.881666666667,3514,0.16699999999999998,0.433,Brandon Rush,25.0,6-6,210,67,0.057999999999999996,2010-11,IND
2,2563,1610612754,22,23,588.9533333333334,1167,0.135,0.182,Dahntay Jones,30.0,6-6,210,45,0.10300000000000001,2010-11,IND
3,101122,1610612754,36,43,2762.998333333333,5547,0.185,0.32299999999999995,Danny Granger,28.0,6-8,228,79,0.128,2010-11,IND
4,201954,1610612754,36,43,2360.135,4765,0.048,0.14300000000000002,Darren Collison,23.0,6-0,160,79,0.28,2010-11,IND
5,1899,1610612754,19,30,839.0883333333335,1681,0.069,0.88,James Posey,34.0,6-8,217,49,0.068,2010-11,IND
6,1902,1610612754,25,31,939.8633333333332,1854,0.365,0.018000000000000002,Jeff Foster,34.0,6-11,250,56,0.073,2010-11,IND
7,201177,1610612754,34,38,1596.9883333333332,3266,0.25,0.155,Josh McRoberts,24.0,6-10,240,72,0.14300000000000002,2010-11,IND
8,202362,1610612754,3,9,114.69666666666667,237,0.0,0.128,Lance Stephenson,20.0,6-5,210,12,0.309,2010-11,IND
9,2399,1610612754,28,33,1682.7133333333334,3414,0.153,0.488,Mike Dunleavy,30.0,6-9,230,61,0.09699999999999999,2010-11,IND
10,202331,1610612754,29,32,1264.805,2572,0.203,0.349,Paul George,21.0,6-8,210,61,0.08199999999999999,2010-11,IND
11,201579,1610612754,37,44,2244.0216666666665,4515,0.486,0.004,Roy Hibbert,24.0,7-2,278,81,0.12300000000000001,2010-11,IND
12,200780,1610612754,15,24,528.1766666666666,1072,0.39299999999999996,0.008,Solomon Jones,26.0,6-10,245,39,0.094,2010-11,IND
13,2551,1610612754,17,24,773.1266666666667,1535,0.08800000000000001,0.136,T.J. Ford,28.0,6-0,165,41,0.308,2010-11,IND
14,201946,1610612754,34,36,1535.405,3075,0.10099999999999999,0.003,Tyler Hansbrough,25.0,6-9,250,70,0.047,2010-11,IND
15,201166,1610612756,26,33,1284.1316666666667,2571,0.027000000000000003,0.402,Aaron Brooks,26.0,6-0,161,59,0.289,2010-11,PHX
16,101112,1610612756,39,38,2541.1266666666666,5063,0.371,0.53,Channing Frye,28.0,6-11,245,77,0.055999999999999994,2010-11,PHX
17,202371,1610612756,1,0,1.9333333333333331,4,0.0,0.0,Gani Lawal,22.0,6-9,234,1,0.0,2010-11,PHX
18,202081,1610612756,10,11,101.29333333333334,219,0.5710000000000001,0.0,Garret Siler,24.0,6-11,305,21,0.040999999999999995,2010-11,PHX
19,255,1610612756,39,41,2408.915,4846,0.16699999999999998,0.138,Grant Hill,38.0,6-8,225,80,0.126,2010-11,PHX
20,101124,1610612756,39,41,1415.5216666666668,2840,0.068,0.025,Hakim Warrick,28.0,6-9,219,80,0.081,2010-11,PHX
21,201162,1610612756,40,42,2139.595,4262,0.098,0.402,Jared Dudley,25.0,6-7,225,82,0.078,2010-11,PHX
22,2735,1610612756,23,31,893.77,1767,0.29100000000000004,0.075,Josh Childress,28.0,6-8,209,54,0.07200000000000001,2010-11,PHX
23,101162,1610612756,43,37,2032.8916666666669,3960,0.46,0.006999999999999999,Marcin Gortat,27.0,6-11,240,80,0.057,2010-11,PHX
24,2554,1610612756,33,24,1106.89,2159,0.2,0.647,Mickael Pietrus,29.0,6-6,215,57,0.052000000000000005,2010-11,PHX
25,201577,1610612756,33,34,991.125,2014,0.484,0.0,Robin Lopez,23.0,7-0,255,67,0.012,2010-11,PHX
26,959,1610612756,39,36,2496.778333333333,5030,0.019,0.253,Steve Nash,37.0,6-3,178,75,0.498,2010-11,PHX
27,1713,1610612756,38,35,2051.5616666666665,4042,0.10800000000000001,0.36,Vince Carter,34.0,6-6,220,73,0.11599999999999999,2010-11,PHX
28,202220,1610612756,14,10,291.6983333333333,585,0.054000000000000006,0.08,Zabian Dowdell,26.0,6-3,191,24,0.295,2010-11,PHX
29,201189,1610612740,21,20,530.825,997,0.324,0.0,Aaron Gray,26.0,7-0,270,41,0.044000000000000004,2010-11,NOH
30,201171,1610612740,25,51,2007.895,3882,0.156,0.006,Carl Landry,27.0,6-9,248,76,0.052000000000000005,2010-11,NOH
31,101108,1610612740,45,35,2879.643333333333,5438,0.02,0.19699999999999998,Chris Paul,26.0,6-0,175,80,0.441,2010-11,NOH
32,2788,1610612740,20,21,329.8333333333333,624,0.659,0.0,DJ Mbenga,30.0,7-0,255,41,0.032,2010-11,NOH
33,2431,1610612740,17,23,372.52166666666665,743,0.265,0.19,David Andersen,31.0,6-11,247,40,0.054000000000000006,2010-11,NOH
34,2561,1610612740,40,30,2450.5266666666666,4581,0.281,0.009000000000000001,David West,30.0,6-9,240,70,0.126,2010-11,NOH
35,2731,1610612740,43,29,2286.7533333333336,4262,0.585,0.002,Emeka Okafor,28.0,6-10,255,72,0.028999999999999998,2010-11,NOH
36,101127,1610612740,39,44,1722.256666666667,3239,0.038,0.17,Jarrett Jack,27.0,6-3,197,83,0.251,2010-11,NOH
37,201160,1610612740,44,33,1101.825,2114,0.35200000000000004,0.006999999999999999,Jason Smith,25.0,7-0,240,77,0.055,2010-11,NOH
38,201158,1610612740,44,36,1957.1616666666666,3713,0.035,0.469,Marco Belinelli,25.0,6-5,200,80,0.077,2010-11,NOH
39,201607,1610612740,3,4,19.15333333333333,36,0.25,0.4,Patrick Ewing,27.0,6-8,235,7,0.16699999999999998,2010-11,NOH
40,200822,1610612740,6,1,35.14,69,0.0,0.0,Pops Mensah-Bonsu,27.0,6-9,235,7,0.08,2010-11,NOH
41,202347,1610612740,35,31,733.5716666666667,1367,0.11800000000000001,0.278,Quincy Pondexter,23.0,6-6,225,66,0.064,2010-11,NOH
42,2772,1610612740,43,32,2599.848333333333,4924,0.146,0.35600000000000004,Trevor Ariza,25.0,6-8,210,75,0.099,2010-11,NOH
43,2584,1610612740,44,33,1673.91,3169,0.091,0.255,Willie Green,29.0,6-3,201,77,0.08,2010-11,NOH
44,201151,1610612744,20,31,725.8783333333333,1460,0.0,0.19399999999999998,Acie Law,26.0,6-3,202,51,0.182,2010-11,GSW
45,201154,1610612744,21,50,1383.591666666667,2724,0.077,0.06,Al Thornton,27.0,6-8,235,71,0.07200000000000001,2010-11,GSW
46,2740,1610612744,26,33,1397.09,2826,0.473,0.0,Andris Biedrins,25.0,7-0,240,59,0.06,2010-11,GSW
47,2294,1610612744,7,12,170.925,334,0.055999999999999994,0.488,Charlie Bell,32.0,6-3,200,19,0.113,2010-11,GSW
48,101135,1610612744,35,38,2634.285,5321,0.11900000000000001,0.003,David Lee,28.0,6-9,240,73,0.136,2010-11,GSW
49,2748,1610612744,36,46,3146.778333333333,6366,0.201,0.45,Dorell Wright,25.0,6-9,205,82,0.114,2010-11,GSW
50,202327,1610612744,28,30,1029.5133333333333,2048,0.551,0.0,Ekpe Udoh,24.0,6-10,245,58,0.051,2010-11,GSW
51,202399,1610612744,7,16,195.935,388,0.294,0.0,Jeff Adrien,25.0,6-7,243,23,0.075,2010-11,GSW
52,202391,1610612744,10,19,284.5133333333333,560,0.257,0.069,Jeremy Lin,22.0,6-3,200,29,0.207,2010-11,GSW
53,200811,1610612744,20,26,691.1066666666667,1383,0.45799999999999996,0.0,Lou Amundson,28.0,6-9,225,46,0.039,2010-11,GSW
54,101145,1610612744,35,45,3226.673333333333,6466,0.073,0.235,Monta Ellis,25.0,6-3,185,80,0.23399999999999999,2010-11,GSW
55,202130,1610612744,36,44,1626.2683333333334,3272,0.018000000000000002,0.42100000000000004,Reggie Williams,24.0,6-6,205,80,0.11800000000000001,2010-11,GSW
56,201939,1610612744,33,41,2488.9933333333333,5059,0.079,0.325,Stephen Curry,23.0,6-3,185,74,0.268,2010-11,GSW
57,2209,1610612744,32,42,1169.1816666666666,2336,0.364,0.544,Vladimir Radmanovic,30.0,6-10,235,74,0.096,2010-11,GSW
58,1733,1610612743,45,28,1664.5483333333334,3389,0.079,0.486,Al Harrington,31.0,6-9,250,73,0.096,2010-11,DEN
59,201167,1610612743,40,29,2324.293333333333,4645,0.158,0.396,Arron Afflalo,25.0,6-5,215,69,0.109,2010-11,DEN
60,2365,1610612743,29,16,732.32,1510,0.667,0.006999999999999999,Chris Andersen,32.0,6-10,228,45,0.043,2010-11,DEN
61,201568,1610612743,34,28,2104.03,4277,0.105,0.45799999999999996,Danilo Gallinari,22.0,6-10,225,62,0.07400000000000001,2010-11,DEN
62,201814,1610612743,39,24,790.7683333333333,1661,0.09699999999999999,0.212,Gary Forbes,26.0,6-7,220,63,0.094,2010-11,DEN
63,2747,1610612743,49,30,1967.59,4000,0.08900000000000001,0.406,JR Smith,25.0,6-6,220,79,0.141,2010-11,DEN
64,2030,1610612743,31,17,1233.18,2460,0.297,0.025,Kenyon Martin,33.0,6-9,240,48,0.13,2010-11,DEN
65,201585,1610612743,17,33,433.6,926,0.521,0.013000000000000001,Kosta Koufos,22.0,7-0,265,50,0.025,2010-11,DEN
66,2408,1610612743,18,12,366.475,738,0.40700000000000003,0.0,Melvin Ely,33.0,6-10,261,30,0.052000000000000005,2010-11,DEN
67,2403,1610612743,46,29,2290.7966666666666,4550,0.36,0.008,Nene,28.0,6-11,250,75,0.10400000000000001,2010-11,DEN
68,101109,1610612743,44,31,2737.295,5587,0.032,0.327,Raymond Felton,27.0,6-1,205,75,0.34700000000000003,2010-11,DEN
69,202389,1610612743,27,18,524.095,1069,0.397,0.0,Timofey Mozgov,24.0,7-1,250,45,0.045,2010-11,DEN
70,201951,1610612743,49,31,2102.6,4291,0.023,0.249,Ty Lawson,23.0,5-11,195,80,0.272,2010-11,DEN
71,201163,1610612743,41,31,2400.4166666666665,4876,0.315,0.336,Wilson Chandler,24.0,6-8,225,72,0.079,2010-11,DEN
72,201143,1610612737,41,36,2703.7066666666665,5072,0.349,0.004,Al Horford,25.0,6-10,245,77,0.16899999999999998,2010-11,ATL
73,2863,1610612737,25,27,676.4533333333334,1320,0.136,0.073,Damien Wilkins,31.0,6-6,225,52,0.099,2010-11,ATL
74,2041,1610612737,6,7,82.07333333333334,166,0.5,0.0,Etan Thomas,33.0,6-10,260,13,0.05,2010-11,ATL
75,200756,1610612737,15,38,488.785,981,0.382,0.053,Hilton Armstrong,26.0,6-11,235,53,0.046,2010-11,ATL
76,2037,1610612737,40,36,2296.991666666667,4410,0.077,0.39899999999999997,Jamal Crawford,31.0,6-5,200,76,0.17800000000000002,2010-11,ATL
77,2215,1610612737,27,22,593.3433333333334,1107,0.209,0.013999999999999999,Jason Collins,32.0,7-0,255,49,0.051,2010-11,ATL
78,201952,1610612737,36,34,962.5383333333333,1909,0.253,0.158,Jeff Teague,23.0,6-2,180,70,0.23600000000000002,2010-11,ATL
79,2207,1610612737,38,34,2554.405,4787,0.031,0.258,Joe Johnson,30.0,6-7,240,72,0.23,2010-11,ATL
80,2694,1610612737,29,25,653.145,1284,0.085,0.005,Josh Powell,28.0,6-9,240,54,0.059000000000000004,2010-11,ATL
81,2746,1610612737,43,34,2644.83,4987,0.494,0.14800000000000002,Josh Smith,25.0,6-9,240,77,0.168,2010-11,ATL
82,2550,1610612737,24,48,2156.6583333333333,4162,0.07400000000000001,0.302,Kirk Hinrich,30.0,6-4,190,72,0.221,2010-11,ATL
83,101107,1610612737,34,31,1864.55,3500,0.14400000000000002,0.205,Marvin Williams,25.0,6-9,240,65,0.076,2010-11,ATL
84,202377,1610612737,0,3,20.983333333333334,43,0.0,0.16699999999999998,Pape Sy,23.0,6-7,225,3,0.222,2010-11,ATL
85,2585,1610612737,43,36,1243.7816666666668,2367,0.242,0.0,Zaza Pachulia,27.0,6-11,275,79,0.07400000000000001,2010-11,ATL
86,2744,1610612762,39,43,2940.413333333333,5651,0.415,0.0,Al Jefferson,26.0,6-10,280,82,0.09,2010-11,UTA
87,1905,1610612762,33,31,1998.9833333333331,3867,0.29100000000000004,0.18100000000000002,Andrei Kirilenko,30.0,6-9,235,64,0.145,2010-11,UTA
88,101139,1610612762,36,42,1968.618333333333,3804,0.17,0.377,CJ Miles,24.0,6-6,232,78,0.11800000000000001,2010-11,UTA
89,202324,1610612762,25,53,1535.7216666666666,2928,0.38,0.0,Derrick Favors,19.0,6-10,246,78,0.044000000000000004,2010-11,UTA
90,2734,1610612762,24,47,2253.78,4309,0.033,0.221,Devin Harris,28.0,6-3,190,71,0.373,2010-11,UTA
91,2248,1610612762,37,43,1567.35,2975,0.096,0.349,Earl Watson,32.0,6-1,195,80,0.26,2010-11,UTA
92,1922,1610612762,34,28,609.935,1171,0.212,0.0,Francisco Elson,35.0,7-0,240,62,0.09,2010-11,UTA
93,202330,1610612762,33,39,1217.67,2368,0.134,0.253,Gordon Hayward,21.0,6-8,207,72,0.106,2010-11,UTA
94,202379,1610612762,22,27,462.91,912,0.27,0.009000000000000001,Jeremy Evans,23.0,6-9,196,49,0.09,2010-11,UTA
95,201602,1610612762,1,4,69.34,133,0.14300000000000002,0.28,Kyle Weaver,25.0,6-6,201,5,0.212,2010-11,UTA
96,201178,1610612762,29,24,455.94,894,0.34,0.01,Kyrylo Fesenko,24.0,7-1,280,53,0.063,2010-11,UTA
97,202408,1610612762,2,2,18.311666666666667,42,0.25,0.0,Marcus Cousin,24.0,6-11,245,4,0.0,2010-11,UTA
98,2246,1610612762,5,8,168.43,329,0.28600000000000003,0.258,Mehmet Okur,32.0,6-11,265,13,0.179,2010-11,UTA
99,200794,1610612762,36,40,2604.9483333333333,5037,0.212,0.023,Paul Millsap,26.0,6-8,250,76,0.121,2010-11,UTA
100,1952,1610612762,34,34,2097.13,4069,0.052000000000000005,0.413,Raja Bell,34.0,6-5,206,68,0.083,2010-11,UTA
101,101179,1610612762,31,28,716.8016666666666,1351,0.06,0.32899999999999996,Ronnie Price,28.0,6-2,187,59,0.12300000000000001,2010-11,UTA
102,202329,1610612746,31,50,1451.835,2868,0.16899999999999998,0.35200000000000004,Al-Farouq Aminu,20.0,6-9,215,81,0.067,2010-11,LAC
103,201933,1610612746,32,50,3111.473333333333,6078,0.136,0.017,Blake Griffin,22.0,6-10,251,82,0.184,2010-11,LAC
104,2567,1610612746,8,32,447.22833333333335,878,0.344,0.465,Brian Cook,30.0,6-9,250,40,0.057,2010-11,LAC
105,2549,1610612746,11,21,837.54,1669,0.505,0.0,Chris Kaman,29.0,7-0,265,32,0.1,2010-11,LAC
106,200783,1610612746,17,31,586.335,1162,0.175,0.027000000000000003,Craig Smith,27.0,6-7,265,48,0.095,2010-11,LAC
107,201599,1610612746,31,49,2046.765,3984,0.5920000000000001,0.003,DeAndre Jordan,22.0,6-11,265,80,0.031,2010-11,LAC
108,202339,1610612746,32,49,1840.533333333333,3611,0.142,0.239,Eric Bledsoe,21.0,6-1,195,81,0.254,2010-11,LAC
109,201569,1610612746,25,31,2112.0666666666666,4140,0.076,0.307,Eric Gordon,22.0,6-3,215,56,0.19699999999999998,2010-11,LAC
110,101113,1610612746,16,20,469.615,917,0.086,0.0,Ike Diogu,27.0,6-9,250,36,0.008,2010-11,LAC
111,200081,1610612746,20,39,1042.2633333333333,2085,0.292,0.496,Jamario Moon,31.0,6-8,205,59,0.07400000000000001,2010-11,LAC
112,2590,1610612746,19,39,1788.545,3544,0.063,0.33399999999999996,Mo Williams,28.0,6-1,195,58,0.361,2010-11,LAC
113,200751,1610612746,28,35,1551.2983333333334,3061,0.135,0.409,Randy Foye,27.0,6-4,213,63,0.18,2010-11,LAC
114,101155,1610612746,29,47,2095.1866666666665,4118,0.062,0.418,Ryan Gomes,28.0,6-7,245,76,0.084,2010-11,LAC
115,202378,1610612746,5,14,133.80166666666668,268,0.0,0.429,Willie Warren,21.0,6-4,203,19,0.307,2010-11,LAC
116,201582,1610612761,6,28,339.84,688,0.5,0.256,Alexis Ajinca,23.0,7-2,248,34,0.049,2010-11,TOR
117,101161,1610612761,20,52,1852.6516666666666,3633,0.494,0.002,Amir Johnson,24.0,6-9,210,72,0.064,2010-11,TOR
118,200745,1610612761,19,47,2353.048333333333,4676,0.22899999999999998,0.19,Andrea Bargnani,25.0,7-0,250,66,0.086,2010-11,TOR
119,201942,1610612761,22,60,2851.025,5605,0.124,0.045,DeMar DeRozan,21.0,6-7,220,82,0.085,2010-11,TOR
120,202334,1610612761,16,49,1601.753333333333,3136,0.419,0.0,Ed Davis,22.0,6-10,215,65,0.039,2010-11,TOR
121,201949,1610612761,15,23,821.155,1612,0.37,0.14300000000000002,James Johnson,24.0,6-9,245,38,0.161,2010-11,TOR
122,201573,1610612761,25,46,1495.283333333333,2911,0.04,0.282,Jerryd Bayless,22.0,6-3,200,71,0.294,2010-11,TOR
123,201595,1610612761,11,32,521.98,1006,0.425,0.0,Joey Dorsey,27.0,6-8,268,43,0.078,2010-11,TOR
124,101181,1610612761,18,50,2102.203333333333,4197,0.037000000000000005,0.262,Jose Calderon,29.0,6-3,210,68,0.41200000000000003,2010-11,TOR
125,201153,1610612761,9,43,765.9616666666667,1507,0.23800000000000002,0.063,Julian Wright,24.0,6-8,225,52,0.11,2010-11,TOR
126,2571,1610612761,17,41,1394.6133333333332,2774,0.047,0.326,Leandro Barbosa,28.0,6-3,202,58,0.147,2010-11,TOR
127,101132,1610612761,12,27,1031.9616666666666,2054,0.084,0.32299999999999995,Linas Kleiza,26.0,6-8,245,39,0.06,2010-11,TOR
128,2556,1610612761,1,2,21.75,46,0.0,0.0,Marcus Banks,29.0,6-2,205,3,0.188,2010-11,TOR
129,2501,1610612761,11,19,798.13,1545,0.115,0.01,Reggie Evans,31.0,6-8,245,30,0.07,2010-11,TOR
130,2648,1610612761,0,3,12.751666666666667,25,0.0,0.25,Ronald Dupree,30.0,6-7,209,3,0.125,2010-11,TOR
131,202374,1610612761,1,11,59.01,116,0.5,0.0,Solomon Alabi,23.0,7-1,251,12,0.051,2010-11,TOR
132,201603,1610612761,17,42,1413.188333333333,2836,0.017,0.11900000000000001,Sonny Weems,24.0,6-6,203,59,0.12,2010-11,TOR
133,202087,1610612739,16,40,1117.3883333333333,2185,0.207,0.193,Alonzo Gee,24.0,6-6,220,56,0.055999999999999994,2010-11,CLE
134,2760,1610612739,8,23,993.895,1944,0.5,0.009000000000000001,Anderson Varejao,28.0,6-11,260,31,0.07400000000000001,2010-11,CLE
135,1712,1610612739,9,47,1842.196666666667,3665,0.184,0.3,Antawn Jamison,35.0,6-9,235,56,0.092,2010-11,CLE
136,1515,1610612739,18,54,2091.18,4119,0.06,0.41100000000000003,Anthony Parker,36.0,6-6,210,72,0.16399999999999998,2010-11,CLE
137,1884,1610612739,24,34,1649.2883333333334,3217,0.18100000000000002,0.345,Baron Davis,32.0,6-3,215,58,0.38799999999999996,2010-11,CLE
138,201963,1610612739,10,34,946.885,1884,0.252,0.297,Christian Eyenga,22.0,6-5,210,44,0.061,2010-11,CLE
139,200789,1610612739,18,49,1865.031666666667,3683,0.136,0.444,Daniel Gibson,25.0,6-2,200,67,0.185,2010-11,CLE
140,201581,1610612739,19,61,2256.32,4464,0.278,0.005,JJ Hickson,22.0,6-9,242,80,0.075,2010-11,CLE
141,101214,1610612739,6,20,391.11166666666674,775,0.15,0.35700000000000004,Jawad Williams,28.0,6-9,225,26,0.09300000000000001,2010-11,CLE
142,101121,1610612739,9,30,586.25,1149,0.171,0.168,Joey Graham,29.0,6-7,230,39,0.054000000000000006,2010-11,CLE
143,202376,1610612739,29,20,640.6383333333333,1267,0.25,0.32,Luke Harangody,23.0,6-7,251,49,0.078,2010-11,CLE
144,202412,1610612739,7,47,933.3466666666667,1846,0.07400000000000001,0.318,Manny Harris,21.0,6-5,185,54,0.153,2010-11,CLE
145,201196,1610612739,19,62,2132.701666666667,4239,0.042,0.019,Ramon Sessions,25.0,6-3,190,81,0.35100000000000003,2010-11,CLE
146,200797,1610612739,17,53,1181.5816666666667,2301,0.467,0.0,Ryan Hollins,26.0,7-0,240,70,0.035,2010-11,CLE
147,202396,1610612739,4,33,701.4166666666665,1390,0.254,0.012,Samardo Samuels,22.0,6-9,260,37,0.043,2010-11,CLE
148,201623,1610612739,31,10,594.8816666666668,1145,0.40700000000000003,0.0,Semih Erden,24.0,6-11,240,41,0.054000000000000006,2010-11,CLE
149,2405,1610612752,39,39,2870.0116666666668,5770,0.42700000000000005,0.016,Amar'e Stoudemire,28.0,6-10,240,78,0.128,2010-11,NYK
150,202360,1610612752,2,3,24.1,49,0.0,0.5710000000000001,Andy Rautins,24.0,6-4,190,5,0.25,2010-11,NYK
151,1853,1610612752,20,13,463.29666666666674,948,0.128,0.377,Anthony Carter,36.0,6-2,195,33,0.23399999999999999,2010-11,NYK
152,2546,1610612752,43,34,2751.25,5506,0.17600000000000002,0.16699999999999998,Carmelo Anthony,27.0,6-8,230,77,0.149,2010-11,NYK
153,1497,1610612752,38,34,2310.143333333333,4613,0.064,0.457,Chauncey Billups,34.0,6-3,210,72,0.266,2010-11,NYK
154,201974,1610612752,22,27,575.3666666666667,1125,0.152,0.076,Derrick Brown,23.0,6-8,220,49,0.09300000000000001,2010-11,NYK
155,201611,1610612752,32,29,783.91,1606,0.07,0.648,Henry Walker,23.0,6-6,220,61,0.069,2010-11,NYK
156,2407,1610612752,20,22,601.0583333333333,1175,0.298,0.105,Jared Jeffries,29.0,6-11,240,42,0.079,2010-11,NYK
157,202361,1610612752,42,40,2541.328333333333,5156,0.054000000000000006,0.364,Landry Fields,23.0,6-7,210,82,0.087,2010-11,NYK
158,200764,1610612752,6,2,62.655,135,0.28600000000000003,0.154,Renaldo Balkman,26.0,6-8,208,8,0.047,2010-11,NYK
159,2427,1610612752,10,16,319.0133333333333,637,0.065,0.5710000000000001,Roger Mason Jr.,30.0,6-5,205,26,0.099,2010-11,NYK
160,101142,1610612752,32,32,1140.6933333333334,2306,0.47700000000000004,0.0,Ronny Turiaf,28.0,6-10,245,64,0.122,2010-11,NYK
161,200761,1610612752,33,31,1323.105,2680,0.36200000000000004,0.551,Shawne Williams,25.0,6-9,230,64,0.054000000000000006,2010-11,NYK
162,200749,1610612752,38,21,910.3683333333332,1846,0.317,0.0,Shelden Williams,27.0,6-9,250,59,0.053,2010-11,NYK
163,201962,1610612752,41,40,1971.075,4004,0.017,0.507,Toney Douglas,25.0,6-2,185,81,0.20199999999999999,2010-11,NYK
164,101154,1610612764,21,43,2171.931666666667,4316,0.192,0.019,Andray Blatche,24.0,6-11,260,64,0.115,2010-11,WAS
165,201858,1610612764,19,33,542.1883333333334,1097,0.08199999999999999,0.544,Cartier Martin,26.0,6-7,220,52,0.05,2010-11,WAS
166,202380,1610612764,3,13,80.17666666666666,164,0.625,0.0,Hamady Ndiaye,24.0,7-0,235,16,0.0,2010-11,WAS
167,201580,1610612764,23,56,2192.56,4323,0.605,0.005,JaVale McGee,23.0,7-0,252,79,0.027000000000000003,2010-11,WAS
168,202322,1610612764,19,50,2606.055,5233,0.10300000000000001,0.11800000000000001,John Wall,20.0,6-4,195,69,0.35700000000000004,2010-11,WAS
169,202348,1610612764,17,25,1026.645,2046,0.024,0.256,Jordan Crawford,22.0,6-4,195,42,0.19699999999999998,2010-11,WAS
170,2572,1610612764,3,15,408.61666666666673,825,0.109,0.179,Josh Howard,31.0,6-7,210,18,0.095,2010-11,WAS
171,202338,1610612764,15,43,634.6283333333333,1296,0.39399999999999996,0.0,Kevin Seraphin,21.0,6-9,275,58,0.025,2010-11,WAS
172,202082,1610612764,7,5,142.73333333333332,288,0.263,0.406,Larry Owens,28.0,6-7,210,12,0.08900000000000001,2010-11,WAS
173,201991,1610612764,3,8,73.33333333333333,144,0.16699999999999998,0.625,Lester Hudson,26.0,6-3,190,11,0.447,2010-11,WAS
174,2230,1610612764,36,37,1548.915,3077,0.079,0.39399999999999996,Maurice Evans,32.0,6-5,220,73,0.046,2010-11,WAS
175,201203,1610612764,5,17,159.11833333333334,323,0.14300000000000002,0.16899999999999998,Mustafa Shakur,26.0,6-4,195,22,0.258,2010-11,WAS
176,201156,1610612764,14,50,2033.77,4075,0.07,0.29,Nick Young,26.0,6-7,210,64,0.066,2010-11,WAS
177,201785,1610612764,8,9,322.405,653,0.0,0.062,Othyus Jeffers,25.0,6-5,210,17,0.08800000000000001,2010-11,WAS
178,1740,1610612764,24,33,1824.505,3571,0.155,0.419,Rashard Lewis,31.0,6-10,230,57,0.08199999999999999,2010-11,WAS
179,202344,1610612764,15,50,1063.0916666666667,2114,0.33299999999999996,0.004,Trevor Booker,23.0,6-8,240,65,0.051,2010-11,WAS
180,201146,1610612764,17,46,1111.835,2200,0.212,0.037000000000000005,Yi Jianlian,23.0,7-0,250,63,0.036000000000000004,2010-11,WAS
181,2738,1610612755,36,31,2468.688333333333,4785,0.151,0.23800000000000002,Andre Iguodala,27.0,6-6,207,67,0.261,2010-11,PHI
182,2804,1610612755,23,31,930.8183333333334,1857,0.172,0.426,Andres Nocioni,31.0,6-7,225,54,0.076,2010-11,PHI
183,1498,1610612755,1,3,35.29666666666667,65,0.0,0.4,Antonio Daniels,36.0,6-4,205,4,0.08,2010-11,PHI
184,202342,1610612755,0,3,32.82666666666667,60,0.0,0.313,Craig Brackins,23.0,6-10,230,3,0.05,2010-11,PHI
185,2443,1610612755,4,6,70.57166666666667,143,0.0,0.0,Darius Songaila,33.0,6-9,248,10,0.044000000000000004,2010-11,PHI
186,1882,1610612755,41,40,2809.133333333333,5415,0.41200000000000003,0.001,Elton Brand,32.0,6-9,254,81,0.07,2010-11,PHI
187,202323,1610612755,40,38,1797.4016666666666,3540,0.098,0.083,Evan Turner,22.0,6-7,205,78,0.13699999999999998,2010-11,PHI
188,2574,1610612755,9,15,111.51833333333332,238,0.1,0.28600000000000003,Jason Kapono,30.0,6-8,215,24,0.043,2010-11,PHI
189,201975,1610612755,40,34,2062.0466666666666,4066,0.023,0.611,Jodie Meeks,23.0,6-4,208,74,0.055999999999999994,2010-11,PHI
190,201950,1610612755,41,41,2900.6983333333333,5655,0.11199999999999999,0.222,Jrue Holiday,21.0,6-4,180,82,0.282,2010-11,PHI
191,101150,1610612755,39,36,1747.335,3455,0.11599999999999999,0.318,Lou Williams,24.0,6-1,175,75,0.248,2010-11,PHI
192,201578,1610612755,33,31,733.5483333333333,1464,0.32799999999999996,0.013999999999999999,Marreese Speights,23.0,6-10,255,64,0.069,2010-11,PHI
193,201150,1610612755,41,40,1718.2883333333334,3314,0.41,0.065,Spencer Hawes,23.0,7-1,245,81,0.11199999999999999,2010-11,PHI
194,201152,1610612755,41,41,2134.8366666666666,4172,0.146,0.026000000000000002,Thaddeus Young,23.0,6-8,220,82,0.067,2010-11,PHI
195,1499,1610612755,14,24,376.99166666666673,738,0.536,0.031,Tony Battie,35.0,6-11,240,38,0.055,2010-11,PHI
196,1889,1610612757,47,34,2649.72,4898,0.05,0.044000000000000004,Andre Miller,35.0,6-2,200,81,0.348,2010-11,POR
197,202356,1610612757,20,18,277.43666666666667,562,0.048,0.11900000000000001,Armon Johnson,22.0,6-3,195,38,0.3,2010-11,POR
198,200750,1610612757,25,22,1309.71,2439,0.10400000000000001,0.218,Brandon Roy,26.0,6-6,211,47,0.168,2010-11,POR
199,202419,1610612757,10,4,138.88333333333333,278,0.643,0.0,Chris Johnson,25.0,6-11,210,14,0.037000000000000005,2010-11,POR
200,2853,1610612757,10,11,305.5083333333333,590,0.375,0.0,Earl Barron,29.0,7-0,250,21,0.054000000000000006,2010-11,POR
201,101177,1610612757,4,1,44.695,96,0.0,0.0,Fabricio Oberto,36.0,6-10,245,5,0.0,2010-11,POR
202,2222,1610612757,36,35,2693.0333333333333,5071,0.23199999999999998,0.21899999999999997,Gerald Wallace,28.0,6-7,220,71,0.10800000000000001,2010-11,POR
203,2260,1610612757,11,17,181.36333333333332,372,0.125,0.0,Jarron Collins,32.0,6-11,249,28,0.018000000000000002,2010-11,POR
204,200746,1610612757,48,33,3211.421666666666,5938,0.32299999999999995,0.016,LaMarcus Aldridge,25.0,6-11,240,81,0.099,2010-11,POR
205,202337,1610612757,11,13,137.29333333333332,283,0.33299999999999996,0.29100000000000004,Luke Babbitt,22.0,6-9,225,24,0.077,2010-11,POR
206,948,1610612757,32,27,1540.375,2825,0.575,0.003,Marcus Camby,37.0,6-11,235,59,0.114,2010-11,POR
207,201587,1610612757,47,33,2521.846666666667,4756,0.201,0.424,Nicolas Batum,22.0,6-8,200,80,0.08,2010-11,POR
208,201988,1610612757,40,24,782.705,1542,0.013999999999999999,0.405,Patty Mills,22.0,6-0,185,64,0.261,2010-11,POR
209,201164,1610612757,46,32,1820.7316666666666,3488,0.08199999999999999,0.628,Rudy Fernandez,26.0,6-6,185,78,0.171,2010-11,POR
210,1752,1610612757,15,14,208.45833333333331,424,0.23800000000000002,0.045,Sean Marks,35.0,6-10,250,29,0.033,2010-11,POR
211,202083,1610612757,48,34,2758.393333333333,5207,0.038,0.386,Wesley Matthews,24.0,6-5,220,82,0.10099999999999999,2010-11,POR
212,101106,1610612749,28,37,2297.373333333333,4296,0.62,0.005,Andrew Bogut,26.0,7-0,260,65,0.10300000000000001,2010-11,MIL
213,201943,1610612749,27,36,2168.64,4143,0.096,0.327,Brandon Jennings,21.0,6-1,169,63,0.261,2010-11,MIL
214,1730,1610612749,2,0,5.883333333333334,14,0.0,0.0,Brian Skinner,35.0,6-9,255,2,0.0,2010-11,MIL
215,2568,1610612749,21,28,1590.4633333333334,3019,0.057,0.5539999999999999,Carlos Delfino,28.0,6-6,230,49,0.12300000000000001,2010-11,MIL
216,201604,1610612749,19,25,884.07,1697,0.126,0.168,Chris Douglas-Roberts,24.0,6-7,210,44,0.098,2010-11,MIL
217,1894,1610612749,25,42,1400.503333333333,2696,0.034,0.14,Corey Maggette,31.0,6-6,225,67,0.111,2010-11,MIL
218,2400,1610612749,14,21,859.8783333333333,1620,0.217,0.055,Drew Gooden,29.0,6-10,250,35,0.10800000000000001,2010-11,MIL
219,1863,1610612749,23,34,861.7683333333333,1651,0.032,0.20199999999999999,Earl Boykins,35.0,5-5,133,57,0.301,2010-11,MIL
220,101141,1610612749,25,35,1505.285,2885,0.174,0.239,Ersan Ilyasova,24.0,6-10,235,60,0.064,2010-11,MIL
221,2422,1610612749,30,43,2554.103333333333,4840,0.113,0.244,John Salmons,31.0,6-6,207,73,0.179,2010-11,MIL
222,201972,1610612749,28,35,677.4716666666667,1320,0.091,0.0,Jon Brockman,24.0,6-7,255,63,0.040999999999999995,2010-11,MIL
223,2039,1610612749,35,45,1756.615,3332,0.024,0.451,Keyon Dooling,31.0,6-3,195,80,0.226,2010-11,MIL
224,202336,1610612749,28,32,872.1616666666665,1695,0.621,0.0,Larry Sanders,22.0,6-11,235,60,0.033,2010-11,MIL
225,201601,1610612749,34,45,2093.0416666666665,3910,0.131,0.016,Luc Mbah a Moute,24.0,6-8,230,79,0.054000000000000006,2010-11,MIL
226,2072,1610612749,6,4,134.31833333333333,260,0.067,0.37799999999999995,Michael Redd,31.0,6-6,215,10,0.132,2010-11,MIL
227,101115,1610612747,36,18,1500.005,2842,0.5920000000000001,0.0,Andrew Bynum,23.0,7-0,285,54,0.079,2010-11,LAL
228,965,1610612747,57,25,2297.008333333333,4461,0.033,0.301,Derek Fisher,36.0,6-1,210,82,0.134,2010-11,LAL
229,202382,1610612747,29,12,215.00333333333333,445,0.385,0.0,Derrick Caracter,23.0,6-9,275,41,0.054000000000000006,2010-11,LAL
230,202365,1610612747,15,5,117.61,252,0.294,0.098,Devin Ebanks,21.0,6-9,215,20,0.033,2010-11,LAL
231,693,1610612747,14,2,69.34833333333333,146,0.4,0.0,Joe Smith,35.0,6-10,225,16,0.09300000000000001,2010-11,LAL
232,977,1610612747,57,25,2778.663333333333,5361,0.040999999999999995,0.217,Kobe Bryant,32.0,6-6,205,82,0.258,2010-11,LAL
233,1885,1610612747,57,25,2638.715,5077,0.225,0.19899999999999998,Lamar Odom,31.0,6-10,230,82,0.154,2010-11,LAL
234,2575,1610612747,39,15,484.38833333333326,938,0.085,0.293,Luke Walton,31.0,6-8,235,54,0.183,2010-11,LAL
235,2440,1610612747,36,17,1019.8583333333332,1983,0.21,0.384,Matt Barnes,31.0,6-7,226,53,0.11199999999999999,2010-11,LAL
236,1897,1610612747,57,25,2409.7533333333336,4655,0.141,0.354,Metta World Peace,31.0,6-7,260,82,0.10300000000000001,2010-11,LAL
237,2200,1610612747,57,25,3037.083333333333,5865,0.42100000000000004,0.003,Pau Gasol,30.0,7-0,250,82,0.14800000000000002,2010-11,LAL
238,200769,1610612747,57,25,1568.3283333333334,3078,0.092,0.33,Shannon Brown,25.0,6-4,210,82,0.107,2010-11,LAL
239,2581,1610612747,55,24,1581.2416666666666,3045,0.018000000000000002,0.631,Steve Blake,31.0,6-3,172,79,0.157,2010-11,LAL
240,689,1610612747,10,0,70.50166666666667,146,0.7140000000000001,0.0,Theo Ratliff,38.0,6-10,235,10,0.06,2010-11,LAL
241,201234,1610612747,3,5,94.36666666666666,180,0.14300000000000002,0.091,Trey Johnson,26.0,6-5,218,8,0.19,2010-11,LAL
242,201627,1610612751,17,41,1856.426666666667,3550,0.042,0.419,Anthony Morrow,25.0,6-5,210,58,0.063,2010-11,NJN
243,202386,1610612751,6,36,437.57833333333326,841,0.174,0.055999999999999994,Ben Uzoh,23.0,6-3,205,42,0.278,2010-11,NJN
244,201148,1610612751,14,23,378.67333333333335,758,0.45899999999999996,0.0,Brandan Wright,23.0,6-10,210,37,0.053,2010-11,NJN
245,201572,1610612751,24,58,2888.755,5475,0.435,0.001,Brook Lopez,23.0,7-0,265,82,0.087,2010-11,NJN
246,202345,1610612751,7,18,402.9383333333333,797,0.293,0.028999999999999998,Damion James,23.0,6-7,220,25,0.08199999999999999,2010-11,NJN
247,2429,1610612751,13,29,462.695,915,0.5579999999999999,0.008,Dan Gadzuric,33.0,6-11,240,42,0.046,2010-11,NJN
248,101114,1610612751,33,32,2464.911666666667,4791,0.05,0.325,Deron Williams,27.0,6-3,209,65,0.44799999999999995,2010-11,NJN
249,101130,1610612751,22,55,893.4133333333333,1710,0.405,0.013999999999999999,Johan Petro,25.0,7-0,247,77,0.08800000000000001,2010-11,NJN
250,200770,1610612751,23,50,1795.9516666666666,3528,0.035,0.467,Jordan Farmar,24.0,6-2,180,73,0.341,2010-11,NJN
251,2743,1610612751,23,51,2060.7633333333333,3946,0.386,0.002,Kris Humphries,26.0,6-9,235,74,0.069,2010-11,NJN
252,201238,1610612751,1,5,115.95833333333331,223,0.0,0.19,Mario West,27.0,6-5,210,6,0.12300000000000001,2010-11,NJN
253,101158,1610612751,0,3,5.3,11,0.0,0.0,Orien Greene,29.0,6-4,208,3,0.16699999999999998,2010-11,NJN
254,2624,1610612751,7,29,353.25,680,0.158,0.051,Quinton Ross,30.0,6-6,193,36,0.045,2010-11,NJN
255,2756,1610612751,26,41,1647.4233333333334,3208,0.03,0.44,Sasha Vujacic,27.0,6-7,205,67,0.134,2010-11,NJN
256,101211,1610612751,19,40,958.4533333333335,1836,0.012,0.105,Stephen Graham,29.0,6-6,215,59,0.066,2010-11,NJN
257,202178,1610612751,9,15,300.59,583,0.024,0.36200000000000004,Sundiata Gaines,25.0,6-1,200,24,0.23199999999999998,2010-11,NJN
258,2566,1610612751,24,58,2357.695,4501,0.16,0.345,Travis Outlaw,26.0,6-9,207,82,0.059000000000000004,2010-11,NJN
259,201576,1610612750,11,29,589.6416666666668,1223,0.49,0.015,Anthony Randolph,21.0,6-11,225,40,0.10300000000000001,2010-11,MIN
260,201229,1610612750,12,53,1362.415,2791,0.21100000000000002,0.36700000000000005,Anthony Tolliver,26.0,6-9,243,65,0.09,2010-11,MIN
261,2545,1610612750,15,54,1686.273333333333,3433,0.614,0.0,Darko Milicic,26.0,7-0,275,69,0.099,2010-11,MIN
262,201938,1610612750,10,43,982.86,2017,0.033,0.33799999999999997,Jonny Flynn,22.0,6-0,185,53,0.284,2010-11,MIN
263,201567,1610612750,17,56,2610.543333333333,5330,0.1,0.20600000000000002,Kevin Love,22.0,6-10,260,73,0.11599999999999999,2010-11,MIN
264,202351,1610612750,10,32,419.41833333333335,890,0.2,0.39,Lazar Hayward,24.0,6-6,225,42,0.107,2010-11,MIN
265,2557,1610612750,13,58,2159.16,4414,0.042,0.27,Luke Ridnour,30.0,6-2,175,71,0.27399999999999997,2010-11,MIN
266,101110,1610612750,7,39,1094.4666666666667,2220,0.12,0.38799999999999996,Martell Webster,24.0,6-7,235,46,0.079,2010-11,MIN
267,200772,1610612750,1,3,28.99833333333333,58,0.0,0.364,Maurice Ager,27.0,6-5,202,4,0.063,2010-11,MIN
268,201563,1610612750,14,59,2361.458333333333,4849,0.182,0.132,Michael Beasley,22.0,6-10,235,73,0.11800000000000001,2010-11,MIN
269,201593,1610612750,15,50,887.4083333333333,1813,0.479,0.0,Nikola Pekovic,25.0,6-11,243,65,0.052000000000000005,2010-11,MIN
270,2742,1610612750,11,26,710.58,1475,0.038,0.324,Sebastian Telfair,26.0,6-0,175,37,0.24600000000000002,2010-11,MIN
271,201961,1610612750,14,48,1181.245,2419,0.028999999999999998,0.305,Wayne Ellington,23.0,6-4,200,62,0.098,2010-11,MIN
272,202325,1610612750,17,62,2069.37,4269,0.213,0.424,Wesley Johnson,23.0,6-7,205,79,0.10800000000000001,2010-11,MIN
273,101120,1610612758,2,5,31.36,60,0.0,0.5,Antoine Wright,27.0,6-7,215,7,0.0,2010-11,SAC
274,2757,1610612758,24,55,2733.5133333333333,5502,0.037000000000000005,0.221,Beno Udrih,28.0,6-3,205,79,0.21899999999999997,2010-11,SAC
275,201616,1610612758,18,41,485.82333333333327,1022,0.063,0.07,Darnell Jackson,25.0,6-9,253,59,0.048,2010-11,SAC
276,202326,1610612758,23,58,2309.4266666666667,4631,0.327,0.018000000000000002,DeMarcus Cousins,20.0,6-11,270,81,0.149,2010-11,SAC
277,201590,1610612758,21,48,1127.085,2289,0.185,0.39899999999999997,Donte Greene,23.0,6-11,226,69,0.066,2010-11,SAC
278,101128,1610612758,18,40,1385.6266666666668,2805,0.314,0.47200000000000003,Francisco Garcia,29.0,6-7,195,58,0.079,2010-11,SAC
279,202355,1610612758,1,0,1.7433333333333334,3,0.0,0.0,Hassan Whiteside,22.0,7-0,235,1,0.0,2010-11,SAC
280,201574,1610612758,24,51,1748.0666666666666,3501,0.301,0.006,Jason Thompson,24.0,6-11,250,75,0.078,2010-11,SAC
281,201966,1610612758,8,26,482.245,1007,0.128,0.23,Jermaine Taylor,24.0,6-4,210,34,0.105,2010-11,SAC
282,101129,1610612758,8,28,585.5816666666667,1148,0.134,0.39,Luther Head,28.0,6-3,185,36,0.19399999999999998,2010-11,SAC
283,201977,1610612758,37,36,1775.79,3523,0.05,0.297,Marcus Thornton,24.0,6-4,205,73,0.133,2010-11,SAC
284,201956,1610612758,17,54,1702.18,3493,0.08,0.452,Omri Casspi,23.0,6-9,225,71,0.063,2010-11,SAC
285,200817,1610612758,16,46,858.0866666666667,1814,0.024,0.11599999999999999,Pooh Jeter,27.0,5-11,175,62,0.281,2010-11,SAC
286,2223,1610612758,22,58,1937.4616666666666,3858,0.509,0.004,Samuel Dalembert,31.0,6-11,250,80,0.054000000000000006,2010-11,SAC
287,201936,1610612758,18,39,2107.056666666667,4153,0.14,0.159,Tyreke Evans,21.0,6-6,220,57,0.255,2010-11,SAC
288,686,1610612759,54,19,1386.4616666666666,2708,0.322,0.003,Antonio McDyess,36.0,6-9,245,73,0.09300000000000001,2010-11,SAS
289,2250,1610612759,2,0,15.518333333333333,30,0.0,1.0,Bobby Simmons,31.0,6-6,235,2,0.182,2010-11,SAS
290,200809,1610612759,33,8,292.055,567,0.048,0.40700000000000003,Chris Quinn,27.0,6-2,175,41,0.23600000000000002,2010-11,SAS
291,201980,1610612759,5,3,91.49666666666668,182,0.25,0.5429999999999999,Danny Green,24.0,6-6,210,8,0.039,2010-11,SAS
292,201971,1610612759,60,21,1733.523333333333,3431,0.276,0.003,DeJuan Blair,22.0,6-7,270,81,0.067,2010-11,SAS
293,202390,1610612759,59,21,1684.561666666667,3331,0.028999999999999998,0.48700000000000004,Gary Neal,26.0,6-4,210,80,0.094,2010-11,SAS
294,201588,1610612759,56,20,2147.9766666666665,4194,0.111,0.322,George Hill,25.0,6-2,180,76,0.142,2010-11,SAS
295,2137,1610612759,16,4,130.00666666666666,261,0.091,0.381,Ime Udoka,33.0,6-5,220,20,0.153,2010-11,SAS
296,202341,1610612759,17,9,286.23833333333334,564,0.231,0.568,James Anderson,22.0,6-6,215,26,0.10300000000000001,2010-11,SAS
297,1938,1610612759,61,19,2425.49,4880,0.10800000000000001,0.433,Manu Ginobili,33.0,6-6,205,80,0.249,2010-11,SAS
298,2588,1610612759,48,18,1431.7116666666666,2809,0.159,0.62,Matt Bonner,31.0,6-10,235,66,0.063,2010-11,SAS
299,2210,1610612759,60,21,2458.528333333333,4808,0.149,0.478,Richard Jefferson,31.0,6-7,230,81,0.064,2010-11,SAS
300,200779,1610612759,18,12,215.03666666666663,426,0.455,0.687,Steve Novak,28.0,6-10,240,30,0.025,2010-11,SAS
301,201168,1610612759,43,17,738.045,1457,0.386,0.005,Tiago Splitter,26.0,6-11,240,60,0.06,2010-11,SAS
302,1495,1610612759,60,16,2156.218333333333,4261,0.5820000000000001,0.005,Tim Duncan,35.0,6-11,255,76,0.15,2010-11,SAS
303,2225,1610612759,60,18,2527.6583333333333,4973,0.012,0.065,Tony Parker,29.0,6-2,185,78,0.345,2010-11,SAS
304,201948,1610612765,26,46,1446.115,2776,0.295,0.365,Austin Daye,23.0,6-11,200,72,0.085,2010-11,DET
305,2732,1610612765,30,52,2130.86,4061,0.083,0.345,Ben Gordon,28.0,6-3,200,82,0.129,2010-11,DET
306,1112,1610612765,20,34,1238.1833333333334,2275,0.478,0.013000000000000001,Ben Wallace,36.0,6-9,240,54,0.086,2010-11,DET
307,101111,1610612765,27,49,1665.658333333333,3170,0.28600000000000003,0.456,Charlie Villanueva,26.0,6-11,232,76,0.05,2010-11,DET
308,2404,1610612765,22,35,994.6933333333334,1886,0.21,0.003,Chris Wilcox,28.0,6-10,235,57,0.068,2010-11,DET
309,201969,1610612765,5,17,198.76166666666663,386,0.1,0.304,DaJuan Summers,23.0,6-8,240,22,0.017,2010-11,DET
310,202328,1610612765,30,50,2221.863333333333,4133,0.278,0.002,Greg Monroe,21.0,6-11,250,80,0.075,2010-11,DET
311,101131,1610612765,17,40,930.1183333333332,1762,0.259,0.0,Jason Maxiell,28.0,6-7,260,57,0.027999999999999997,2010-11,DET
312,1888,1610612765,19,36,1498.0383333333334,2836,0.034,0.215,Richard Hamilton,33.0,6-7,193,55,0.19899999999999998,2010-11,DET
313,201155,1610612765,25,45,2183.4416666666666,4116,0.057,0.109,Rodney Stuckey,25.0,6-5,205,70,0.27,2010-11,DET
314,2419,1610612765,29,49,2561.5666666666666,4757,0.203,0.098,Tayshaun Prince,31.0,6-9,215,78,0.142,2010-11,DET
315,1503,1610612765,25,47,1685.503333333333,3132,0.256,0.171,Tracy McGrady,32.0,6-8,223,72,0.244,2010-11,DET
316,101198,1610612765,23,38,1125.1966666666667,2155,0.043,0.12300000000000001,Will Bynum,28.0,6-0,185,61,0.289,2010-11,DET
317,202340,1610612738,21,10,162.49,332,0.0,0.075,Avery Bradley,20.0,6-2,180,31,0.135,2010-11,BOS
318,2306,1610612738,43,21,1184.755,2277,0.008,0.253,Carlos Arroyo,31.0,6-2,200,64,0.16,2010-11,BOS
319,2753,1610612738,13,11,453.14333333333326,840,0.25,0.275,Delonte West,27.0,6-3,180,24,0.268,2010-11,BOS
320,201175,1610612738,54,24,2297.7766666666666,4337,0.158,0.019,Glen Davis,25.0,6-9,289,78,0.069,2010-11,BOS
321,201145,1610612738,45,30,2427.62,4710,0.152,0.257,Jeff Green,24.0,6-9,235,75,0.075,2010-11,BOS
322,979,1610612738,13,11,431.225,819,0.652,0.009000000000000001,Jermaine O'Neal,32.0,6-11,255,24,0.046,2010-11,BOS
323,708,1610612738,49,22,2219.7566666666667,4276,0.311,0.006,Kevin Garnett,35.0,6-11,253,71,0.127,2010-11,BOS
324,2605,1610612738,37,12,938.305,1809,0.265,0.091,Marquis Daniels,30.0,6-6,200,49,0.113,2010-11,BOS
325,2420,1610612738,44,27,1571.0666666666666,3084,0.166,0.0,Nenad Krstic,27.0,7-0,240,71,0.027000000000000003,2010-11,BOS
326,1718,1610612738,55,25,2774.061666666666,5313,0.212,0.29100000000000004,Paul Pierce,33.0,6-7,235,80,0.152,2010-11,BOS
327,200765,1610612738,47,21,2526.7816666666668,4857,0.051,0.064,Rajon Rondo,25.0,6-1,171,68,0.44799999999999995,2010-11,BOS
328,951,1610612738,55,25,2890.0066666666667,5506,0.067,0.387,Ray Allen,35.0,6-5,205,80,0.122,2010-11,BOS
329,2562,1610612738,13,18,362.015,696,0.24100000000000002,0.431,Sasha Pavlovic,27.0,6-7,235,31,0.07200000000000001,2010-11,BOS
330,406,1610612738,28,9,751.575,1438,0.5379999999999999,0.0,Shaquille O'Neal,39.0,7-1,325,37,0.051,2010-11,BOS
331,2211,1610612738,13,22,465.9066666666667,905,0.107,0.289,Troy Murphy,31.0,6-11,245,35,0.08800000000000001,2010-11,BOS
332,101144,1610612738,45,13,552.545,1092,0.07200000000000001,0.42100000000000004,Von Wafer,25.0,6-5,209,58,0.111,2010-11,BOS
333,2564,1610612766,34,48,2778.275,5265,0.165,0.292,Boris Diaw,29.0,6-8,235,82,0.203,2010-11,CHA
334,201571,1610612766,34,48,2757.095,5257,0.011000000000000001,0.348,D.J. Augustin,23.0,6-0,180,82,0.306,2010-11,CHA
335,201591,1610612766,23,24,684.655,1293,0.22699999999999998,0.009000000000000001,DJ White,24.0,6-9,251,47,0.051,2010-11,CHA
336,201967,1610612766,39,39,1636.9333333333334,3090,0.27699999999999997,0.027999999999999997,Dante Cunningham,24.0,6-8,230,78,0.044000000000000004,2010-11,CHA
337,2205,1610612766,6,10,181.0883333333333,354,0.441,0.0,DeSagana Diop,29.0,7-0,280,16,0.063,2010-11,CHA
338,201187,1610612766,18,34,760.3883333333333,1449,0.371,0.011000000000000001,Dominic McGuire,25.0,6-9,220,52,0.092,2010-11,CHA
339,2059,1610612766,14,17,372.29166666666674,705,0.14300000000000002,0.47200000000000003,Eduardo Najera,34.0,6-8,235,31,0.08900000000000001,2010-11,CHA
340,202066,1610612766,12,12,230.19333333333333,430,0.24,0.544,Garrett Temple,25.0,6-6,195,24,0.209,2010-11,CHA
341,201945,1610612766,29,39,1661.2416666666666,3136,0.182,0.063,Gerald Henderson,23.0,6-4,215,68,0.106,2010-11,CHA
342,2038,1610612766,18,18,519.7633333333333,967,0.375,0.0,Joel Przybilla,31.0,7-1,245,36,0.038,2010-11,CHA
343,2198,1610612766,27,39,1714.165,3209,0.255,0.0,Kwame Brown,29.0,6-11,270,66,0.040999999999999995,2010-11,CHA
344,2679,1610612766,24,30,581.9866666666667,1146,0.091,0.231,Matt Carroll,30.0,6-6,212,54,0.068,2010-11,CHA
345,2733,1610612766,31,42,1260.7416666666666,2384,0.192,0.01,Shaun Livingston,25.0,6-7,185,73,0.24100000000000002,2010-11,CHA
346,202395,1610612766,8,12,65.88166666666666,129,0.0,0.4,Sherron Collins,24.0,5-11,205,20,0.19,2010-11,CHA
347,1536,1610612766,30,37,2404.5016666666666,4567,0.106,0.33899999999999997,Stephen Jackson,33.0,6-8,215,67,0.184,2010-11,CHA
348,200748,1610612766,18,23,861.0716666666667,1658,0.48200000000000004,0.009000000000000001,Tyrus Thomas,24.0,6-10,225,41,0.064,2010-11,CHA
349,1802,1610612745,32,28,1015.4266666666666,2045,0.21899999999999997,0.361,Brad Miller,35.0,7-0,261,60,0.22,2010-11,HOU
350,201978,1610612745,41,37,1737.523333333333,3483,0.124,0.418,Chase Budinger,23.0,6-7,218,78,0.113,2010-11,HOU
351,101236,1610612745,41,33,2079.16,4095,0.261,0.004,Chuck Hayes,28.0,6-6,238,74,0.14,2010-11,HOU
352,201584,1610612745,43,38,1722.621666666667,3425,0.111,0.302,Courtney Lee,25.0,6-5,200,81,0.092,2010-11,HOU
353,201960,1610612745,7,5,50.01333333333334,108,0.16699999999999998,0.0,DeMarre Carroll,24.0,6-8,212,12,0.10300000000000001,2010-11,HOU
354,201609,1610612745,37,33,1233.875,2458,0.096,0.35100000000000003,Goran Dragic,25.0,6-3,190,70,0.29100000000000004,2010-11,HOU
355,201934,1610612745,23,24,373.3133333333333,738,0.552,0.0,Hasheem Thabeet,24.0,7-3,263,47,0.015,2010-11,HOU
356,201941,1610612745,38,34,1124.4966666666667,2230,0.505,0.006,Jordan Hill,23.0,6-10,235,72,0.043,2010-11,HOU
357,2755,1610612745,42,38,2602.5333333333333,5244,0.063,0.36200000000000004,Kevin Martin,28.0,6-7,185,80,0.128,2010-11,HOU
358,200768,1610612745,40,35,2563.183333333333,5132,0.094,0.424,Kyle Lowry,25.0,6-0,205,75,0.289,2010-11,HOU
359,2449,1610612745,38,36,2411.838333333333,4868,0.195,0.003,Luis Scola,31.0,6-9,245,74,0.131,2010-11,HOU
360,200839,1610612745,3,1,15.683333333333335,34,0.5,0.0,Mike Harris,28.0,6-6,235,4,0.071,2010-11,HOU
361,202335,1610612745,29,23,867.5366666666665,1702,0.44,0.006999999999999999,Patrick Patterson,22.0,6-9,235,52,0.078,2010-11,HOU
362,201944,1610612745,7,14,290.035,567,0.0,0.191,Terrence Williams,24.0,6-6,220,21,0.244,2010-11,HOU
363,2397,1610612745,1,4,90.51833333333332,189,0.727,0.0,Yao Ming,30.0,7-6,310,5,0.077,2010-11,HOU
364,101138,1610612753,49,27,1980.195,3763,0.25,0.003,Brandon Bass,26.0,6-8,250,76,0.051,2010-11,ORL
365,2768,1610612753,36,15,774.0233333333333,1491,0.031,0.40299999999999997,Chris Duhon,28.0,6-1,190,51,0.251,2010-11,ORL
366,2730,1610612753,51,27,2934.916666666666,5630,0.62,0.006999999999999999,Dwight Howard,25.0,6-11,265,78,0.067,2010-11,ORL
367,201947,1610612753,28,14,463.79,922,0.45,0.032,Earl Clark,23.0,6-10,225,42,0.035,2010-11,ORL
368,2240,1610612753,35,35,1796.1933333333334,3542,0.11,0.446,Gilbert Arenas,29.0,6-4,215,70,0.256,2010-11,ORL
369,2045,1610612753,48,33,2540.143333333333,4926,0.136,0.429,Hedo Turkoglu,32.0,6-10,220,81,0.207,2010-11,ORL
370,200755,1610612753,37,22,1512.935,2995,0.022000000000000002,0.49,JJ Redick,27.0,6-4,190,59,0.11,2010-11,ORL
371,2749,1610612753,49,27,2318.8233333333333,4442,0.013000000000000001,0.354,Jameer Nelson,29.0,6-0,190,76,0.324,2010-11,ORL
372,2202,1610612753,47,33,2715.1216666666664,5328,0.052000000000000005,0.45399999999999996,Jason Richardson,30.0,6-6,225,80,0.087,2010-11,ORL
373,2124,1610612753,9,9,178.30166666666668,348,0.33299999999999996,0.0,Malik Allen,33.0,6-10,255,18,0.036000000000000004,2010-11,ORL
374,2047,1610612753,37,20,955.37,1848,0.057999999999999996,0.573,Quentin Richardson,31.0,6-6,228,57,0.064,2010-11,ORL
375,201583,1610612753,43,21,1424.368333333333,2778,0.28800000000000003,0.65,Ryan Anderson,23.0,6-10,240,64,0.061,2010-11,ORL
376,2217,1610612742,50,22,1331.365,2579,0.525,0.004,Brendan Haywood,31.0,7-0,263,72,0.022000000000000002,2010-11,DAL
377,2073,1610612742,37,19,617.975,1202,0.14,0.87,Brian Cardinal,34.0,6-8,240,56,0.09699999999999999,2010-11,DAL
378,2406,1610612742,21,8,867.1683333333333,1684,0.092,0.172,Caron Butler,31.0,6-7,228,29,0.091,2010-11,DAL
379,201147,1610612742,22,47,1510.4233333333334,3114,0.09699999999999999,0.23,Corey Brewer,25.0,6-9,188,69,0.09,2010-11,DAL
380,2052,1610612742,49,23,1158.3883333333333,2256,0.052000000000000005,0.755,DeShawn Stevenson,30.0,6-5,218,72,0.10099999999999999,2010-11,DAL
381,1717,1610612742,55,18,2503.9366666666665,4909,0.21100000000000002,0.142,Dirk Nowitzki,33.0,7-0,245,73,0.136,2010-11,DAL
382,202346,1610612742,10,8,135.11,262,0.25,0.08900000000000001,Dominique Jones,22.0,6-5,215,18,0.24100000000000002,2010-11,DAL
383,101133,1610612742,39,17,487.8783333333333,953,0.484,0.02,Ian Mahinmi,24.0,6-11,230,56,0.025,2010-11,DAL
384,200826,1610612742,56,25,1668.966666666667,3222,0.006999999999999999,0.29100000000000004,J.J. Barea,27.0,6-0,175,81,0.314,2010-11,DAL
385,467,1610612742,56,24,2652.846666666667,5171,0.127,0.6559999999999999,Jason Kidd,38.0,6-4,210,80,0.35700000000000004,2010-11,DAL
386,1891,1610612742,57,25,2564.365,4987,0.055,0.322,Jason Terry,33.0,6-2,180,82,0.223,2010-11,DAL
387,978,1610612742,25,8,616.5766666666667,1233,0.043,0.599,Peja Stojakovic,34.0,6-10,229,33,0.069,2010-11,DAL
388,201958,1610612742,19,9,495.67166666666674,1010,0.17800000000000002,0.37200000000000005,Rodrigue Beaubois,23.0,6-2,185,28,0.213,2010-11,DAL
389,1890,1610612742,56,24,2252.913333333333,4351,0.23600000000000002,0.04,Shawn Marion,33.0,6-7,228,80,0.084,2010-11,DAL
390,2199,1610612742,54,20,2058.5116666666668,3996,0.457,0.0,Tyson Chandler,28.0,7-1,235,74,0.024,2010-11,DAL
391,2243,1610612741,12,6,87.97833333333334,183,0.25,0.263,Brian Scalabrine,33.0,6-9,235,18,0.098,2010-11,CHI
392,201228,1610612741,62,20,1090.7333333333333,2103,0.071,0.284,C.J. Watson,27.0,6-2,175,82,0.303,2010-11,CHI
393,2430,1610612741,47,12,1881.7616666666668,3597,0.10099999999999999,0.0,Carlos Boozer,29.0,6-9,266,59,0.13699999999999998,2010-11,CHI
394,201565,1610612741,62,19,3025.836666666666,5808,0.153,0.24100000000000002,Derrick Rose,22.0,6-3,190,81,0.37200000000000005,2010-11,CHI
395,201149,1610612741,36,12,1575.5283333333334,3048,0.414,0.002,Joakim Noah,26.0,6-11,232,48,0.105,2010-11,CHI
396,101249,1610612741,1,1,10.106666666666667,19,0.0,0.33299999999999996,John Lucas III,28.0,5-11,165,2,0.16699999999999998,2010-11,CHI
397,2586,1610612741,62,20,1461.333333333333,2782,0.063,0.772,Keith Bogans,31.0,6-5,215,82,0.098,2010-11,CHI
398,703,1610612741,39,13,1178.1533333333334,2236,0.382,0.005,Kurt Thomas,38.0,6-9,230,52,0.07400000000000001,2010-11,CHI
399,2594,1610612741,62,20,1649.1233333333332,3184,0.09699999999999999,0.519,Kyle Korver,30.0,6-7,212,82,0.121,2010-11,CHI
400,2736,1610612741,62,20,3207.918333333333,6169,0.136,0.28800000000000003,Luol Deng,26.0,6-9,220,82,0.11900000000000001,2010-11,CHI
401,201600,1610612741,62,20,989.4483333333334,1911,0.40299999999999997,0.0,Omer Asik,24.0,7-0,255,82,0.049,2010-11,CHI
402,2446,1610612741,17,30,769.785,1537,0.214,0.574,Rasual Butler,32.0,6-7,215,47,0.059000000000000004,2010-11,CHI
403,200758,1610612741,61,20,1781.44,3419,0.086,0.063,Ronnie Brewer,26.0,6-7,227,81,0.126,2010-11,CHI
404,201959,1610612741,60,20,1742.246666666667,3308,0.429,0.016,Taj Gibson,26.0,6-9,225,80,0.054000000000000006,2010-11,CHI
405,201957,1610612760,8,5,85.09333333333333,179,0.5,0.0,Byron Mullens,22.0,7-0,275,13,0.0,2010-11,OKC
406,202332,1610612760,11,7,141.47666666666666,287,0.5,0.0,Cole Aldrich,22.0,6-11,245,18,0.040999999999999995,2010-11,OKC
407,201161,1610612760,30,13,598.255,1176,0.019,0.851,Daequan Cook,24.0,6-5,210,43,0.055,2010-11,OKC
408,201953,1610612760,55,27,1199.635,2363,0.046,0.28800000000000003,Eric Maynor,24.0,6-3,175,82,0.313,2010-11,OKC
409,201935,1610612760,55,27,2188.538333333333,4295,0.1,0.474,James Harden,21.0,6-5,220,82,0.136,2010-11,OKC
410,2570,1610612760,21,8,742.0133333333333,1446,0.245,0.0,Kendrick Perkins,26.0,6-10,280,29,0.052000000000000005,2010-11,OKC
411,201142,1610612760,52,26,3037.6216666666664,6025,0.192,0.26899999999999996,Kevin Durant,22.0,6-9,230,78,0.127,2010-11,OKC
412,2050,1610612760,2,2,22.93333333333333,48,0.0,0.2,Morris Peterson,33.0,6-7,220,4,0.053,2010-11,OKC
413,101126,1610612760,44,15,1013.2433333333332,1970,0.045,0.532,Nate Robinson,27.0,5-9,180,59,0.183,2010-11,OKC
414,1737,1610612760,40,35,1279.6,2461,0.397,0.002,Nazr Mohammed,33.0,6-10,250,75,0.031,2010-11,OKC
415,2555,1610612760,48,23,1523.73,2947,0.195,0.0,Nick Collison,30.0,6-10,255,71,0.068,2010-11,OKC
416,2767,1610612760,20,5,154.70833333333334,309,0.063,0.42100000000000004,Royal Ivey,29.0,6-4,215,25,0.077,2010-11,OKC
417,201566,1610612760,55,27,2847.38,5650,0.081,0.07400000000000001,Russell Westbrook,22.0,6-3,187,82,0.42200000000000004,2010-11,OKC
418,201586,1610612760,55,27,2215.708333333333,4319,0.602,0.002,Serge Ibaka,21.0,6-10,235,82,0.016,2010-11,OKC
419,200757,1610612760,53,26,2049.208333333333,4105,0.147,0.306,Thabo Sefolosha,27.0,6-7,215,79,0.076,2010-11,OKC
420,2547,1610612748,55,22,2794.7633333333333,5391,0.154,0.024,Chris Bosh,27.0,6-11,235,77,0.086,2010-11,MIA
421,202354,1610612748,2,0,11.233333333333333,22,0.0,0.0,Dexter Pittman,23.0,6-11,308,2,0.0,2010-11,MIA
422,2548,1610612748,54,22,2823.211666666666,5471,0.26899999999999996,0.149,Dwyane Wade,29.0,6-4,220,76,0.223,2010-11,MIA
423,2067,1610612748,39,17,978.3666666666667,1885,0.033,0.545,Eddie House,33.0,6-1,190,56,0.10400000000000001,2010-11,MIA
424,956,1610612748,36,15,814.8016666666666,1587,0.516,0.011000000000000001,Erick Dampier,35.0,6-11,265,51,0.039,2010-11,MIA
425,2048,1610612748,14,4,157.59833333333333,301,0.2,0.0,Jamaal Magloire,33.0,6-11,255,18,0.031,2010-11,MIA
426,2592,1610612748,57,24,1549.09,3040,0.12,0.8290000000000001,James Jones,30.0,6-8,215,81,0.043,2010-11,MIA
427,711,1610612748,5,2,49.74333333333333,98,0.4,0.33299999999999996,Jerry Stackhouse,36.0,6-6,218,7,0.1,2010-11,MIA
428,201202,1610612748,55,20,1463.0566666666666,2783,0.49700000000000005,0.0,Joel Anthony,28.0,6-9,245,75,0.024,2010-11,MIA
429,436,1610612748,43,14,591.5133333333333,1147,0.063,0.0,Juwan Howard,38.0,6-9,250,57,0.062,2010-11,MIA
430,2544,1610612748,57,22,3062.981666666666,5916,0.152,0.188,LeBron James,26.0,6-8,250,79,0.34299999999999997,2010-11,MIA
431,201596,1610612748,52,18,1579.31,3048,0.037000000000000005,0.595,Mario Chalmers,25.0,6-2,190,70,0.172,2010-11,MIA
432,1710,1610612748,49,31,2284.415,4328,0.044000000000000004,0.604,Mike Bibby,33.0,6-2,195,80,0.17300000000000001,2010-11,MIA
433,2034,1610612748,27,14,837.645,1632,0.025,0.584,Mike Miller,31.0,6-8,218,41,0.096,2010-11,MIA
434,2617,1610612748,8,5,344.92166666666674,679,0.111,0.0,Udonis Haslem,31.0,6-8,235,13,0.028999999999999998,2010-11,MIA
435,980,1610612748,51,21,1145.3533333333332,2198,0.552,0.003,Zydrunas Ilgauskas,36.0,7-3,260,72,0.033,2010-11,MIA
436,201589,1610612763,45,35,1608.446666666667,3178,0.387,0.01,Darrell Arthur,23.0,6-9,235,80,0.055999999999999994,2010-11,MEM
437,202349,1610612763,41,29,859.9166666666665,1687,0.042,0.369,Greivis Vasquez,24.0,6-6,211,70,0.266,2010-11,MEM
438,201632,1610612763,18,13,168.38666666666666,344,0.65,0.017,Hamed Haddadi,26.0,7-2,265,31,0.042,2010-11,MEM
439,202397,1610612763,21,22,441.6516666666666,901,0.051,0.087,Ish Smith,22.0,6-0,175,43,0.268,2010-11,MEM
440,1715,1610612763,19,8,295.10833333333335,595,0.034,0.5670000000000001,Jason Williams,35.0,6-1,180,27,0.244,2010-11,MEM
441,200796,1610612763,10,20,327.7316666666667,631,0.121,0.017,Leon Powe,27.0,6-8,240,30,0.038,2010-11,MEM
442,201188,1610612763,46,35,2586.4566666666665,4962,0.456,0.01,Marc Gasol,26.0,7-1,265,81,0.11699999999999999,2010-11,MEM
443,201144,1610612763,46,35,2871.731666666666,5559,0.057,0.228,Mike Conley,23.0,6-1,185,81,0.273,2010-11,MEM
444,201564,1610612763,37,34,1869.36,3716,0.127,0.353,O.J. Mayo,23.0,6-4,210,71,0.11599999999999999,2010-11,MEM
445,200760,1610612763,13,14,335.30833333333334,684,0.128,0.345,Rodney Carney,27.0,6-7,205,27,0.054000000000000006,2010-11,MEM
446,200752,1610612763,30,24,2151.7633333333333,4175,0.256,0.166,Rudy Gay,24.0,6-8,230,54,0.11599999999999999,2010-11,MEM
447,201970,1610612763,44,34,1577.0566666666666,3093,0.12300000000000001,0.10099999999999999,Sam Young,26.0,6-6,220,78,0.069,2010-11,MEM
448,2203,1610612763,42,40,2374.4866666666667,4728,0.32,0.525,Shane Battier,32.0,6-8,220,82,0.109,2010-11,MEM
449,2754,1610612763,40,32,1494.35,2924,0.243,0.047,Tony Allen,29.0,6-4,213,72,0.113,2010-11,MEM
450,202333,1610612763,19,19,527.4316666666666,1020,0.07,0.106,Xavier Henry,20.0,6-6,220,38,0.054000000000000006,2010-11,MEM
451,2216,1610612763,43,32,2723.558333333333,5227,0.079,0.036000000000000004,Zach Randolph,29.0,6-9,260,75,0.1,2010-11,MEM
