,TeamID,SEASON,LeagueID,PLAYER,NUM,POSITION,HEIGHT,WEIGHT,BIRTH_DATE,AGE,EXP,SCHOOL,PLAYER_ID
0,1610612737,2019,00,Jeff Teague,00,G,6-3,195,"JUN 10, 1988",31.0,10,Wake Forest,201952
1,1610612737,2019,00,Brandon Goodwin,0,G,6-0,180,"OCT 02, 1995",24.0,1,Florida Gulf Coast,1629164
2,1610612737,2019,00,Treveon Graham,2,G-F,6-5,219,"OCT 28, 1993",26.0,3,Va Commonwealth,1626203
3,1610612737,2019,00,Kevin Huerter,3,G-F,6-7,190,"AUG 27, 1998",21.0,1,Maryland,1628989
4,1610612737,2019,00,Charles Brown Jr.,4,G,6-6,199,"FEB 02, 1997",23.0,R,,1629718
5,1610612737,2019,00,Skal Labissiere,7,F-C,6-10,235,"MAR 18, 1996",24.0,3,Kentucky,1627746
6,1610612737,2019,00,Trae Young,11,G,6-1,180,"SEP 19, 1998",21.0,1,Oklahoma,1629027
7,1610612737,2019,00,De'Andre Hunter,12,F-G,6-7,225,"DEC 02, 1997",22.0,R,Virginia,1629631
8,1610612737,2019,00,Dewayne Dedmon,14,C,7-0,245,"AUG 12, 1989",30.0,6,USC,203473
9,1610612737,2019,00,Vince Carter,15,G-F,6-6,220,"JAN 26, 1977",43.0,21,North Carolina,1713
10,1610612737,2019,00,Clint Capela,17,C,6-10,240,"MAY 18, 1994",25.0,5,Switzerland,203991
11,1610612737,2019,00,John Collins,20,F,6-9,235,"SEP 23, 1997",22.0,2,Wake Forest,1628381
12,1610612737,2019,00,Cam Reddish,22,F-G,6-8,218,"SEP 01, 1999",20.0,R,Duke,1629629
13,1610612737,2019,00,Bruno Fernando,24,F-C,6-9,240,"AUG 15, 1998",21.0,R,Maryland,1628981
14,1610612737,2019,00,Damian Jones,30,C,6-11,245,"JUN 30, 1995",24.0,3,Vanderbilt,1627745
15,1610612737,2019,00,DeAndre' Bembry,95,G-F,6-5,210,"JUL 04, 1994",25.0,3,,1627761
0,1610612738,2019,00,Jayson Tatum,0,F-G,6-8,210,"MAR 03, 1998",22.0,2,Duke,1628369
1,1610612738,2019,00,Carsen Edwards,4,G,5-11,200,"MAR 12, 1998",22.0,R,Purdue,1629035
2,1610612738,2019,00,Jaylen Brown,7,G-F,6-6,223,"OCT 24, 1996",23.0,3,California,1627759
3,1610612738,2019,00,Kemba Walker,8,G,6-0,184,"MAY 08, 1990",29.0,8,Connecticut,202689
4,1610612738,2019,00,Brad Wanamaker,9,G,6-3,210,"JUL 25, 1989",30.0,1,Pittsburgh,202954
5,1610612738,2019,00,Enes Kanter,11,C,6-10,250,"MAY 20, 1992",27.0,8, ,202683
6,1610612738,2019,00,Grant Williams,12,F,6-6,236,"NOV 30, 1998",21.0,R,Tennessee,1629684
7,1610612738,2019,00,Gordon Hayward,20,F,6-7,225,"MAR 23, 1990",30.0,9,Butler,202330
8,1610612738,2019,00,Daniel Theis,27,F-C,6-8,245,"APR 04, 1992",28.0,2, ,1628464
9,1610612738,2019,00,Marcus Smart,36,G,6-3,220,"MAR 06, 1994",26.0,5,Oklahoma State,203935
10,1610612738,2019,00,Semi Ojeleye,37,F,6-6,240,"DEC 05, 1994",25.0,2,Southern Methodist,1628400
11,1610612738,2019,00,Javonte Green,43,G-F,6-4,205,"JUL 23, 1993",26.0,R,Radford University,1629750
12,1610612738,2019,00,Robert Williams III,44,C-F,6-8,237,"OCT 17, 1997",22.0,1,Texas A&M,1629057
13,1610612738,2019,00,Romeo Langford,45,G-F,6-4,216,"OCT 25, 1999",20.0,R,Indiana,1629641
14,1610612738,2019,00,Tremont Waters,51,G,5-10,175,"JAN 10, 1998",22.0,R,Louisiana State,1629682
15,1610612738,2019,00,Vincent Poirier,77,C-F,7-0,235,"OCT 17, 1993",26.0,R, ,1629738
16,1610612738,2019,00,Tacko Fall,99,C,7-5,311,"DEC 10, 1995",24.0,R,Central Florida,1629605
0,1610612751,2019,00,Rodions Kurucs,00,F,6-9,228,"FEB 05, 1998",22.0,1, ,1629066
1,1610612751,2019,00,Jeremiah Martin,0,G,6-2,185,"JUN 19, 1996",23.0,R,Memphis,1629725
2,1610612751,2019,00,Theo Pinson,1,G-F,6-5,212,"NOV 05, 1995",24.0,1,North Carolina,1629033
3,1610612751,2019,00,Taurean Prince,2,F,6-7,218,"MAR 22, 1994",26.0,3,Baylor,1627752
4,1610612751,2019,00,DeAndre Jordan,6,C,6-11,265,"JUL 21, 1988",31.0,11,Texas A&M,201599
5,1610612751,2019,00,Kevin Durant,7,F,6-10,240,"SEP 29, 1988",31.0,12,Texas,201142
6,1610612751,2019,00,Chris Chiozza,9,G,5-11,175,"NOV 21, 1995",24.0,1,Florida,1629185
7,1610612751,2019,00,Timothe Luwawu-Cabarrot,9,G-F,6-7,220,"MAY 09, 1995",24.0,3, ,1627789
8,1610612751,2019,00,Kyrie Irving,11,G,6-2,195,"MAR 23, 1992",28.0,8,Duke,202681
9,1610612751,2019,00,Joe Harris,12,G-F,6-6,220,"SEP 06, 1991",28.0,5,Virginia,203925
10,1610612751,2019,00,Dzanan Musa,13,G-F,6-9,217,"MAY 08, 1999",20.0,1, ,1629058
11,1610612751,2019,00,Garrett Temple,17,G-F,6-5,195,"MAY 08, 1986",33.0,9,Louisiana State,202066
12,1610612751,2019,00,Wilson Chandler,21,F,6-8,235,"MAY 10, 1987",32.0,11,DePaul,201163
13,1610612751,2019,00,Caris LeVert,22,G,6-6,205,"AUG 25, 1994",25.0,3,Michigan,1627747
14,1610612751,2019,00,Spencer Dinwiddie,26,G,6-5,215,"APR 06, 1993",27.0,5,Colorado,203915
15,1610612751,2019,00,Jarrett Allen,31,C,6-11,243,"APR 21, 1998",21.0,2,Texas,1628386
16,1610612751,2019,00,Nicolas Claxton,33,F-C,6-11,215,"APR 17, 1999",21.0,R,Georgia,1629651
0,1610612766,2019,00,Miles Bridges,0,F,6-6,225,"MAR 21, 1998",22.0,1,Michigan State,1628970
1,1610612766,2019,00,Malik Monk,1,G,6-3,200,"FEB 04, 1998",22.0,2,Kentucky,1628370
2,1610612766,2019,00,Terry Rozier,3,G,6-1,190,"MAR 17, 1994",26.0,4,Louisville,1626179
3,1610612766,2019,00,Devonte' Graham,4,G,6-1,195,"FEB 22, 1995",25.0,1,Kansas,1628984
4,1610612766,2019,00,Nicolas Batum,5,G-F,6-9,230,"DEC 14, 1988",31.0,11, ,201587
5,1610612766,2019,00,Jalen McDaniels,6,F-C,6-10,205,"JAN 31, 1998",22.0,R,San Diego State,1629667
6,1610612766,2019,00,Dwayne Bacon,7,G-F,6-6,221,"AUG 30, 1995",24.0,2,Florida State,1628407
7,1610612766,2019,00,Bismack Biyombo,8,C,6-8,255,"AUG 28, 1992",27.0,8, ,202687
8,1610612766,2019,00,Willy Hernangomez,9,C-F,6-11,250,"MAY 27, 1994",25.0,3, ,1626195
9,1610612766,2019,00,Caleb Martin,10,F,6-5,205,"SEP 28, 1995",24.0,R,Nevada-Reno,1628997
10,1610612766,2019,00,Cody Martin,11,F,6-5,205,"SEP 28, 1995",24.0,R,Nevada-Reno,1628998
11,1610612766,2019,00,Kobi Simmons,23,G,6-5,180,"JUL 04, 1997",22.0,2,Arizona,1628424
12,1610612766,2019,00,P.J. Washington,25,F,6-7,230,"AUG 23, 1998",21.0,R,Kentucky,1629023
13,1610612766,2019,00,Ray Spalding,26,F,6-9,225,"MAR 11, 1997",23.0,1,Louisville,1629034
14,1610612766,2019,00,Joe Chealey,31,G,6-4,190,"NOV 01, 1995",24.0,1,College of Charleston,1629147
15,1610612766,2019,00,Cody Zeller,40,F-C,7-0,240,"OCT 05, 1992",27.0,6,Indiana,203469
0,1610612741,2019,00,Coby White,0,G,6-4,195,"FEB 16, 2000",20.0,R,North Carolina,1629632
1,1610612741,2019,00,Luke Kornet,2,F-C,7-2,250,"JUL 15, 1995",24.0,2,Vanderbilt,1628436
2,1610612741,2019,00,Shaquille Harrison,3,G,6-7,190,"OCT 06, 1993",26.0,2,Tulsa,1627885
3,1610612741,2019,00,Cristiano Felicio,6,F-C,6-10,270,"JUL 07, 1992",27.0,4, ,1626245
4,1610612741,2019,00,Zach LaVine,8,G-F,6-6,200,"MAR 10, 1995",25.0,5,UCLA,203897
5,1610612741,2019,00,Daniel Gafford,12,F-C,6-10,234,"OCT 01, 1998",21.0,R,Arkansas,1629655
6,1610612741,2019,00,Chandler Hutchison,15,F-G,6-7,210,"APR 26, 1996",23.0,1,Boise State,1628990
7,1610612741,2019,00,Adam Mokoka,20,G,6-5,190,"JUL 18, 1998",21.0,R, ,1629690
8,1610612741,2019,00,Thaddeus Young,21,F,6-8,235,"JUN 21, 1988",31.0,12,Georgia Tech,201152
9,1610612741,2019,00,Otto Porter Jr.,22,F,6-8,198,"JUN 03, 1993",26.0,6,Georgetown,203490
10,1610612741,2019,00,Lauri Markkanen,24,F-C,7-0,240,"MAY 22, 1997",22.0,2,Arizona,1628374
11,1610612741,2019,00,Max Strus,28,G-F,6-5,215,"MAR 28, 1996",24.0,R,DePaul,1629622
12,1610612741,2019,00,Tomas Satoransky,31,G,6-7,210,"OCT 30, 1991",28.0,3, ,203107
13,1610612741,2019,00,Kris Dunn,32,G,6-3,205,"MAR 18, 1994",26.0,3,Providence,1627739
14,1610612741,2019,00,Wendell Carter Jr.,34,C-F,6-9,270,"APR 16, 1999",21.0,1,Duke,1628976
15,1610612741,2019,00,Denzel Valentine,45,G,6-4,220,"NOV 16, 1993",26.0,2,Michigan State,1627756
16,1610612741,2019,00,Ryan Arcidiacono,51,G,6-3,195,"MAR 26, 1994",26.0,2,Villanova,1627853
0,1610612739,2019,00,Kevin Love,0,F-C,6-8,251,"SEP 07, 1988",31.0,11,UCLA,201567
1,1610612739,2019,00,Sir'Dominic Pointer, ,G-F,6-6,192,"MAY 06, 1992",27.0,R,"St. John's, N.Y.",1626218
2,1610612739,2019,00,Dante Exum,1,G,6-5,214,"JUL 13, 1995",24.0,4, ,203957
3,1610612739,2019,00,Collin Sexton,2,G,6-1,190,"JAN 04, 1999",21.0,1,Alabama,1629012
4,1610612739,2019,00,Andre Drummond,3,C,6-10,279,"AUG 10, 1993",26.0,7,Connecticut,203083
5,1610612739,2019,00,Kevin Porter Jr.,4,G-F,6-4,203,"MAY 04, 2000",19.0,R,USC,1629645
6,1610612739,2019,00,Sheldon Mac,9,G,6-5,198,"DEC 21, 1992",27.0,1,Miami,1627815
7,1610612739,2019,00,Dylan Windler,9,G-F,6-6,196,"SEP 22, 1996",23.0,R,Belmont,1629685
8,1610612739,2019,00,Darius Garland,10,G,6-1,192,"JAN 26, 2000",20.0,R,Vanderbilt,1629636
9,1610612739,2019,00,Tristan Thompson,13,C-F,6-9,254,"MAR 13, 1991",29.0,8,Texas,202684
10,1610612739,2019,00,Cedi Osman,16,F,6-7,230,"APR 08, 1995",25.0,2, ,1626224
11,1610612739,2019,00,Matthew Dellavedova,18,G,6-3,200,"SEP 08, 1990",29.0,6,St. Mary's (CA),203521
12,1610612739,2019,00,Larry Nance Jr.,22,F-C,6-7,245,"JAN 01, 1993",27.0,4,Wyoming,1626204
13,1610612739,2019,00,Alfonzo McKinnie,28,F,6-7,215,"SEP 17, 1992",27.0,2,Wisc.-Green Bay,1628035
14,1610612739,2019,00,Matt Mooney,31,G,6-2,199,"FEB 07, 1997",23.0,R,Texas Tech,1629760
15,1610612739,2019,00,Dean Wade,32,F-C,6-9,228,"NOV 20, 1996",23.0,R,Kansas State,1629731
16,1610612739,2019,00,Ante Zizic,41,C,6-10,266,"JAN 04, 1997",23.0,2, ,1627790
0,1610612742,2019,00,Courtney Lee,1,G,6-5,215,"OCT 03, 1985",34.0,11,Western Kentucky,201584
1,1610612742,2019,00,Antonius Cleveland,3,G,6-5,195,"FEB 02, 1994",26.0,1,S.E. Missouri,1628499
2,1610612742,2019,00,J.J. Barea,5,G,5-10,180,"JUN 26, 1984",35.0,13,Northeastern,200826
3,1610612742,2019,00,Kristaps Porzingis,6,F-C,7-3,240,"AUG 02, 1995",24.0,3, ,204001
4,1610612742,2019,00,Dwight Powell,7,F-C,6-10,240,"JUL 20, 1991",28.0,5,Stanford,203939
5,1610612742,2019,00,Michael Kidd-Gilchrist,9,F,6-6,232,"SEP 26, 1993",26.0,7,Kentucky,203077
6,1610612742,2019,00,Dorian Finney-Smith,10,F,6-7,220,"MAY 04, 1993",26.0,3,Florida,1627827
7,1610612742,2019,00,Tim Hardaway Jr.,11,G-F,6-5,205,"MAR 16, 1992",28.0,6,Michigan,203501
8,1610612742,2019,00,Jalen Brunson,13,G,6-1,190,"AUG 31, 1996",23.0,1,Villanova,1628973
9,1610612742,2019,00,Josh Reaves,23,G-F,6-4,214,"JUN 04, 1997",22.0,R,Penn State,1629729
10,1610612742,2019,00,Seth Curry,30,G,6-2,185,"AUG 23, 1990",29.0,5,Duke,203552
11,1610612742,2019,00,Willie Cauley-Stein,33,C,7-0,240,"AUG 18, 1993",26.0,4,Kentucky,1626161
12,1610612742,2019,00,Maxi Kleber,42,F,6-10,240,"JAN 29, 1992",28.0,2, ,1628467
13,1610612742,2019,00,Justin Jackson,44,F,6-7,220,"MAR 28, 1995",25.0,2,North Carolina,1628382
14,1610612742,2019,00,Boban Marjanovic,51,C,7-4,290,"AUG 15, 1988",31.0,4, ,1626246
15,1610612742,2019,00,Delon Wright,55,G,6-5,185,"APR 26, 1992",27.0,4,Utah,1626153
16,1610612742,2019,00,Luka Doncic,77,F-G,6-7,230,"FEB 28, 1999",21.0,1, ,1629029
0,1610612743,2019,00,Michael Porter Jr.,1,F,6-10,218,"JUN 29, 1998",21.0,R,Missouri,1629008
1,1610612743,2019,00,Torrey Craig,3,F,6-7,221,"DEC 19, 1990",29.0,2,South Carolina Upstate,1628470
2,1610612743,2019,00,Paul Millsap,4,F,6-7,257,"FEB 10, 1985",35.0,13,Louisiana Tech,200794
3,1610612743,2019,00,Will Barton,5,G,6-5,181,"JAN 06, 1991",29.0,7,Memphis,203115
4,1610612743,2019,00,Mason Plumlee,7,F-C,6-11,254,"MAR 05, 1990",30.0,6,Duke,203486
5,1610612743,2019,00,Jerami Grant,9,F,6-8,210,"MAR 12, 1994",26.0,5,Syracuse,203924
6,1610612743,2019,00,Bol Bol,10,C-F,7-2,220,"NOV 16, 1999",20.0,R,Oregon,1629626
7,1610612743,2019,00,Monte Morris,11,G,6-2,183,"JUN 27, 1995",24.0,2,Iowa State,1628420
8,1610612743,2019,00,Gary Harris,14,G,6-4,210,"SEP 14, 1994",25.0,5,Michigan State,203914
9,1610612743,2019,00,Nikola Jokic,15,C,7-0,284,"FEB 19, 1995",25.0,4, ,203999
10,1610612743,2019,00,Jamal Murray,27,G,6-4,215,"FEB 23, 1997",23.0,3,Kentucky,1627750
11,1610612743,2019,00,Troy Daniels,30,G,6-4,200,"JUL 15, 1991",28.0,6,Va Commonwealth,203584
12,1610612743,2019,00,Vlatko Cancar,31,F,6-8,236,"APR 10, 1997",23.0,R, ,1628427
13,1610612743,2019,00,Keita Bates-Diop,31,F,6-8,229,"JAN 23, 1996",24.0,1,Ohio State,1628966
14,1610612743,2019,00,Noah Vonleh,32,F,6-10,257,"AUG 24, 1995",24.0,5,Indiana,203943
15,1610612743,2019,00,PJ Dozier,35,G-F,6-6,205,"OCT 25, 1996",23.0,2,South Carolina,1628408
0,1610612765,2019,00,Luke Kennard,5,G,6-5,206,"JUN 24, 1996",23.0,2,Duke,1628379
1,1610612765,2019,00,Bruce Brown,6,G-F,6-4,202,"AUG 15, 1996",23.0,1,Miami,1628971
2,1610612765,2019,00,Thon Maker,7,F-C,7-0,221,"FEB 25, 1997",23.0,3, ,1627748
3,1610612765,2019,00,Langston Galloway,9,G,6-1,200,"DEC 09, 1991",28.0,5,,204038
4,1610612765,2019,00,Khyri Thomas,13,G,6-3,210,"MAY 08, 1996",23.0,1,Creighton,1629017
5,1610612765,2019,00,Louis King,14,F,6-7,205,"APR 06, 1999",21.0,R,Oregon,1629663
6,1610612765,2019,00,Tony Snell,17,G,6-6,213,"NOV 10, 1991",28.0,6, ,203503
7,1610612765,2019,00,Jordan Bone,18,G,6-3,180,"NOV 05, 1997",22.0,R,Tennessee,1629648
8,1610612765,2019,00,Svi Mykhailiuk,19,G-F,6-7,205,"JUN 10, 1997",22.0,1,Kansas,1629004
9,1610612765,2019,00,Brandon Knight,20,G,6-2,182,"DEC 02, 1991",28.0,7,Kentucky,202688
10,1610612765,2019,00,Blake Griffin,23,F,6-9,250,"MAR 16, 1989",31.0,9,Oklahoma,201933
11,1610612765,2019,00,Derrick Rose,25,G,6-2,200,"OCT 04, 1988",31.0,10,Memphis,201565
12,1610612765,2019,00,John Henson,31,F-C,6-9,219,"DEC 28, 1990",29.0,7,North Carolina,203089
13,1610612765,2019,00,Christian Wood,35,F,6-10,214,"SEP 27, 1995",24.0,3,UNLV,1626174
14,1610612765,2019,00,Donta Hall,42,F,6-9,229,"AUG 07, 1997",22.0,R,Alabama,1629743
15,1610612765,2019,00,Sekou Doumbouya,45,F,6-8,230,"DEC 23, 2000",19.0,R, ,1629635
16,1610612765,2019,00,Jordan McRae,52,G,6-5,179,"MAR 28, 1991",29.0,3,Tennessee,203895
0,1610612744,2019,00,Damion Lee,1,G-F,6-5,210,"OCT 21, 1992",27.0,2,Louisville,1627814
1,1610612744,2019,00,Jordan Poole,3,G,6-4,194,"JUN 19, 1999",20.0,R,Michigan,1629673
2,1610612744,2019,00,Kevon Looney,5,F,6-9,222,"FEB 06, 1996",24.0,4,UCLA,1626172
3,1610612744,2019,00,Alen Smailagic,6,F,6-10,215,"AUG 18, 2000",19.0,R, ,1629346
4,1610612744,2019,00,Eric Paschall,7,F,6-6,255,"NOV 04, 1996",23.0,R,Villanova,1629672
5,1610612744,2019,00,Chasson Randle,9,G,6-2,185,"FEB 05, 1993",27.0,2,Stanford,1626184
6,1610612744,2019,00,Dragan Bender,10,F,7-0,249,"NOV 17, 1997",22.0,3, ,1627733
7,1610612744,2019,00,Klay Thompson,11,G,6-6,215,"FEB 08, 1990",30.0,8,Washington State,202691
8,1610612744,2019,00,Mychal Mulder,12,G,6-3,184,"JUN 12, 1994",25.0,R,Kentucky,1628539
9,1610612744,2019,00,Ky Bowman,12,G,6-1,187,"JUN 16, 1997",22.0,R,Boston College,1629065
10,1610612744,2019,00,Andrew Wiggins,22,F,6-7,197,"FEB 23, 1995",25.0,5,Kansas,203952
11,1610612744,2019,00,Draymond Green,23,F,6-6,230,"MAR 04, 1990",30.0,7,Michigan State,203110
12,1610612744,2019,00,Stephen Curry,30,G,6-3,185,"MAR 14, 1988",32.0,10,Davidson,201939
13,1610612744,2019,00,Marquese Chriss,32,F,6-9,240,"JUL 02, 1997",22.0,3,Washington,1627737
14,1610612744,2019,00,Juan Toscano-Anderson,95,F,6-6,209,"APR 10, 1993",27.0,R,Marquette,1629308
0,1610612745,2019,00,Russell Westbrook,0,G,6-3,200,"NOV 12, 1988",31.0,11,UCLA,201566
1,1610612745,2019,00,Chris Clemons,3,G,5-9,180,"JUL 23, 1997",22.0,R,Campbell University,1629598
2,1610612745,2019,00,Danuel House Jr.,4,F-G,6-6,220,"JUN 07, 1993",26.0,3,Texas A&M,1627863
3,1610612745,2019,00,Bruno Caboclo,5,F,6-9,218,"SEP 21, 1995",24.0,5,Brazil,203998
4,1610612745,2019,00,DeMarre Carroll,9,F,6-6,215,"JUL 27, 1986",33.0,10,Missouri,201960
5,1610612745,2019,00,Eric Gordon,10,G,6-3,215,"DEC 25, 1988",31.0,11,Indiana,201569
6,1610612745,2019,00,James Harden,13,G,6-5,220,"AUG 26, 1989",30.0,10,Arizona State,201935
7,1610612745,2019,00,Ben McLemore,16,G,6-3,195,"FEB 11, 1993",27.0,6,Kansas,203463
8,1610612745,2019,00,P.J. Tucker,17,F,6-5,245,"MAY 05, 1985",34.0,8,Texas,200782
9,1610612745,2019,00,Thabo Sefolosha,18,F-G,6-6,215,"MAY 02, 1984",35.0,13, ,200757
10,1610612745,2019,00,Tyson Chandler,19,C,7-0,235,"OCT 02, 1982",37.0,18,No College,2199
11,1610612745,2019,00,Michael Frazier,21,G,6-3,200,"MAR 08, 1994",26.0,R,Florida,1626187
12,1610612745,2019,00,Austin Rivers,25,G,6-3,200,"AUG 01, 1992",27.0,7,Duke,203085
13,1610612745,2019,00,Jeff Green,32,F,6-8,235,"AUG 28, 1986",33.0,11,Georgetown,201145
14,1610612745,2019,00,Robert Covington,33,F,6-7,209,"DEC 14, 1990",29.0,6,Tennessee State,203496
15,1610612745,2019,00,William Howard,52,F-G,6-8,207,"OCT 25, 1993",26.0,R, ,1629739
16,1610612745,2019,00,Isaiah Hartenstein,55,C-F,7-0,250,"MAY 05, 1998",21.0,1, ,1628392
0,1610612754,2019,00,T.J. Warren,1,F,6-8,220,"SEP 05, 1993",26.0,5,North Carolina State,203933
1,1610612754,2019,00,Aaron Holiday,3,G,6-0,185,"SEP 30, 1996",23.0,1,UCLA,1628988
2,1610612754,2019,00,Victor Oladipo,4,G,6-4,213,"MAY 04, 1992",27.0,6,Indiana,203506
3,1610612754,2019,00,Edmond Sumner,5,G,6-4,196,"DEC 31, 1995",24.0,2,Xavier,1628410
4,1610612754,2019,00,Malcolm Brogdon,7,G,6-5,229,"DEC 11, 1992",27.0,3,Virginia,1627763
5,1610612754,2019,00,Justin Holiday,8,F-G,6-6,180,"APR 05, 1989",31.0,6,Washington,203200
6,1610612754,2019,00,T.J. McConnell,9,G,6-1,190,"MAR 25, 1992",28.0,4,Arizona,204456
7,1610612754,2019,00,Brian Bowen II,10,F-G,6-6,190,"OCT 02, 1998",21.0,R, ,1628968
8,1610612754,2019,00,Domantas Sabonis,11,F-C,6-11,240,"MAY 03, 1996",23.0,3,Gonzaga,1627734
9,1610612754,2019,00,JaKarr Sampson,14,F,6-7,214,"MAR 20, 1993",27.0,4,"St. John's, N.Y.",203960
10,1610612754,2019,00,Naz Mitrou-Long,15,G,6-3,218,"AUG 03, 1993",26.0,2,Iowa State,1628513
11,1610612754,2019,00,Doug McDermott,20,F,6-7,225,"JAN 03, 1992",28.0,5,Creighton,203926
12,1610612754,2019,00,TJ Leaf,22,F,6-10,222,"APR 30, 1997",22.0,2,UCLA,1628388
13,1610612754,2019,00,Alize Johnson,24,F,6-7,212,"APR 22, 1996",23.0,1,Missouri State,1628993
14,1610612754,2019,00,Jeremy Lamb,26,G-F,6-5,180,"MAY 30, 1992",27.0,7,Connecticut,203087
15,1610612754,2019,00,Myles Turner,33,C-F,6-11,250,"MAR 24, 1996",24.0,4,Texas,1626167
16,1610612754,2019,00,Goga Bitadze,88,C-F,6-11,250,"JUL 20, 1999",20.0,R, ,1629048
0,1610612746,2019,00,Reggie Jackson,1,G,6-3,208,"APR 16, 1990",30.0,8,Boston College,202704
1,1610612746,2019,00,Kawhi Leonard,2,F,6-7,225,"JUN 29, 1991",28.0,8,San Diego State,202695
2,1610612746,2019,00,JaMychal Green,4,F-C,6-8,227,"JUN 21, 1990",29.0,5,Alabama,203210
3,1610612746,2019,00,Montrezl Harrell,5,F-C,6-7,240,"JAN 26, 1994",26.0,4,Louisville,1626149
4,1610612746,2019,00,Amir Coffey,7,G-F,6-7,210,"JUN 17, 1997",22.0,R,Minnesota,1629599
5,1610612746,2019,00,Paul George,13,F,6-8,220,"MAY 02, 1990",29.0,9,Fresno State,202331
6,1610612746,2019,00,Terance Mann,14,G-F,6-5,215,"OCT 18, 1996",23.0,R,Florida State,1629611
7,1610612746,2019,00,Johnathan Motley,15,F,6-8,230,"MAY 04, 1995",24.0,2,Baylor,1628405
8,1610612746,2019,00,Rodney McGruder,19,G,6-4,205,"JUL 29, 1991",28.0,3,Kansas State,203585
9,1610612746,2019,00,Landry Shamet,20,G,6-4,190,"MAR 13, 1997",23.0,1,Wichita State,1629013
10,1610612746,2019,00,Patrick Beverley,21,G,6-1,180,"JUL 12, 1988",31.0,7,Arkansas,201976
11,1610612746,2019,00,Lou Williams,23,G,6-1,175,"OCT 27, 1986",33.0,14,No College,101150
12,1610612746,2019,00,Mfiondu Kabengele,25,F-C,6-9,250,"AUG 14, 1997",22.0,R,Florida State,1629662
13,1610612746,2019,00,Marcus Morris Sr.,31,F,6-8,218,"SEP 02, 1989",30.0,8,Kansas,202694
14,1610612746,2019,00,Ivica Zubac,40,C,7-0,240,"MAR 18, 1997",23.0,3, ,1627826
15,1610612746,2019,00,Patrick Patterson,54,F,6-8,235,"MAR 14, 1989",31.0,9,Kentucky,202335
16,1610612746,2019,00,Joakim Noah,55,F-C,6-11,232,"FEB 25, 1985",35.0,12,Florida,201149
0,1610612747,2019,00,Kyle Kuzma,0,F,6-8,221,"JUL 24, 1995",24.0,2,Utah,1628398
1,1610612747,2019,00,Kentavious Caldwell-Pope,1,G,6-5,204,"FEB 18, 1993",27.0,6,Georgia,203484
2,1610612747,2019,00,Anthony Davis,3,F-C,6-10,253,"MAR 11, 1993",27.0,7,Kentucky,203076
3,1610612747,2019,00,Alex Caruso,4,G,6-5,186,"FEB 28, 1994",26.0,2,Texas A&M,1627936
4,1610612747,2019,00,Talen Horton-Tucker,5,G,6-4,234,"NOV 25, 2000",19.0,R,Iowa State,1629659
5,1610612747,2019,00,JaVale McGee,7,C-F,7-0,270,"JAN 19, 1988",32.0,11,Nevada-Reno,201580
6,1610612747,2019,00,Rajon Rondo,9,G,6-1,180,"FEB 22, 1986",34.0,13,Kentucky,200765
7,1610612747,2019,00,Jared Dudley,10,F,6-6,237,"JUL 10, 1985",34.0,12,Boston College,201162
8,1610612747,2019,00,Avery Bradley,11,G,6-3,180,"NOV 26, 1990",29.0,9,Texas,202340
9,1610612747,2019,00,Devontae Cacok,12,F,6-8,240,"OCT 08, 1996",23.0,R,UNC-Wilmington,1629719
10,1610612747,2019,00,Danny Green,14,G,6-6,215,"JUN 22, 1987",32.0,10,North Carolina,201980
11,1610612747,2019,00,Dion Waiters,18,G,6-3,210,"DEC 10, 1991",28.0,7,Syracuse,203079
12,1610612747,2019,00,LeBron James,23,F,6-9,250,"DEC 30, 1984",35.0,16, ,2544
13,1610612747,2019,00,Quinn Cook,28,G,6-1,180,"MAR 23, 1993",27.0,3,Duke,1626188
14,1610612747,2019,00,Kostas Antetokounmpo,37,F,6-10,200,"NOV 20, 1997",22.0,1,University of Dayton,1628961
15,1610612747,2019,00,Dwight Howard,39,C-F,6-10,265,"DEC 08, 1985",34.0,15, ,2730
16,1610612747,2019,00,Markieff Morris,88,F,6-8,245,"SEP 02, 1989",30.0,8,Kansas,202693
0,1610612763,2019,00,De'Anthony Melton,0,G,6-2,200,"MAY 28, 1998",21.0,1,USC,1629001
1,1610612763,2019,00,Jontay Porter, ,C-F,6-11,240,"NOV 15, 1999",20.0,R,Missouri,1629007
2,1610612763,2019,00,Kyle Anderson,1,F-G,6-9,230,"SEP 20, 1993",26.0,5,UCLA,203937
3,1610612763,2019,00,Grayson Allen,3,G,6-4,198,"OCT 08, 1995",24.0,1,Duke,1628960
4,1610612763,2019,00,Justise Winslow,7,F-G,6-6,222,"MAR 26, 1996",24.0,4,Duke,1626159
5,1610612763,2019,00,Ja Morant,12,G,6-3,174,"AUG 10, 1999",20.0,R,Murray State,1629630
6,1610612763,2019,00,Jaren Jackson Jr.,13,F-C,6-11,242,"SEP 15, 1999",20.0,1,Michigan State,1628991
7,1610612763,2019,00,Gorgui Dieng,14,C,6-10,252,"JAN 18, 1990",30.0,6,Louisville,203476
8,1610612763,2019,00,Brandon Clarke,15,F-G,6-8,215,"SEP 19, 1996",23.0,R,Gonzaga,1629634
9,1610612763,2019,00,Jonas Valanciunas,17,C,6-11,265,"MAY 06, 1992",27.0,7, ,202685
10,1610612763,2019,00,Yuta Watanabe,18,G-F,6-8,215,"OCT 13, 1994",25.0,1,George Washington,1629139
11,1610612763,2019,00,Josh Jackson,20,G-F,6-8,207,"FEB 10, 1997",23.0,2,Kansas,1628367
12,1610612763,2019,00,Tyus Jones,21,G,6-0,196,"MAY 10, 1996",23.0,4,Duke,1626145
13,1610612763,2019,00,Marko Guduric,23,G,6-6,201,"MAR 08, 1995",25.0,R, ,1629741
14,1610612763,2019,00,Dillon Brooks,24,G-F,6-7,225,"JAN 22, 1996",24.0,2,Oregon,1628415
15,1610612763,2019,00,John Konchar,46,G,6-5,210,"MAR 22, 1996",24.0,R,,1629723
0,1610612748,2019,00,Meyers Leonard,0,F-C,7-0,260,"FEB 27, 1992",28.0,7,Illinois,203086
1,1610612748,2019,00,Gabe Vincent,2,G,6-3,200,"JUN 14, 1996",23.0,R,Cal-Santa Barbara,1629216
2,1610612748,2019,00,KZ Okpala,4,F-G,6-8,215,"APR 28, 1999",20.0,R,Stanford,1629644
3,1610612748,2019,00,Derrick Jones Jr.,5,F,6-6,210,"FEB 15, 1997",23.0,3,UNLV,1627884
4,1610612748,2019,00,Goran Dragic,7,G,6-3,190,"MAY 06, 1986",33.0,11, ,201609
5,1610612748,2019,00,Kelly Olynyk,9,F-C,6-11,240,"APR 19, 1991",29.0,6,Gonzaga,203482
6,1610612748,2019,00,Bam Adebayo,13,C-F,6-9,255,"JUL 18, 1997",22.0,2,Kentucky,1628389
7,1610612748,2019,00,Tyler Herro,14,G,6-5,195,"JAN 20, 2000",20.0,R,Kentucky,1629639
8,1610612748,2019,00,Kyle Alexander,17,F-C,6-10,216,"OCT 21, 1996",23.0,R,Tennessee,1629734
9,1610612748,2019,00,Jimmy Butler,22,F,6-7,230,"SEP 14, 1989",30.0,8,Marquette,202710
10,1610612748,2019,00,Kendrick Nunn,25,G,6-2,190,"AUG 03, 1995",24.0,R,Oakland,1629134
11,1610612748,2019,00,Andre Iguodala,28,G-F,6-6,215,"JAN 28, 1984",36.0,15,Arizona,2738
12,1610612748,2019,00,Chris Silva,30,F,6-8,234,"SEP 19, 1996",23.0,R,South Carolina,1629735
13,1610612748,2019,00,Udonis Haslem,40,F,6-8,235,"JUN 09, 1980",39.0,16,Florida,2617
14,1610612748,2019,00,Solomon Hill,44,F,6-6,226,"MAR 18, 1991",29.0,6,Arizona,203524
15,1610612748,2019,00,Duncan Robinson,55,F,6-7,215,"APR 22, 1994",25.0,1,Michigan,1629130
16,1610612748,2019,00,Jae Crowder,99,F,6-6,235,"JUL 06, 1990",29.0,7,Marquette,203109
0,1610612749,2019,00,Donte DiVincenzo,0,G,6-4,203,"JAN 31, 1997",23.0,1,Villanova,1628978
1,1610612749,2019,00,George Hill,3,G,6-3,188,"MAY 04, 1986",33.0,11,,201588
2,1610612749,2019,00,D.J. Wilson,5,F,6-10,231,"FEB 19, 1996",24.0,2,Michigan,1628391
3,1610612749,2019,00,Eric Bledsoe,6,G,6-1,214,"DEC 09, 1989",30.0,9,Kentucky,202339
4,1610612749,2019,00,Ersan Ilyasova,7,F,6-9,235,"MAY 15, 1987",32.0,11, ,101141
5,1610612749,2019,00,Wesley Matthews,9,G,6-4,220,"OCT 14, 1986",33.0,10,Marquette,202083
6,1610612749,2019,00,Brook Lopez,11,C,7-0,282,"APR 01, 1988",32.0,11,Stanford,201572
7,1610612749,2019,00,Cameron Reynolds,13,G-F,6-7,225,"FEB 07, 1995",25.0,1,Tulane,1629244
8,1610612749,2019,00,Frank Mason,15,G,5-11,190,"APR 03, 1994",26.0,2,Kansas,1628412
9,1610612749,2019,00,Marvin Williams,20,F,6-8,237,"JUN 19, 1986",33.0,14,North Carolina,101107
10,1610612749,2019,00,Khris Middleton,22,F,6-7,222,"AUG 12, 1991",28.0,7,Texas A&M,203114
11,1610612749,2019,00,Sterling Brown,23,G-F,6-5,219,"FEB 10, 1995",25.0,2,Southern Methodist,1628425
12,1610612749,2019,00,Pat Connaughton,24,G,6-5,209,"JAN 06, 1993",27.0,4,Notre Dame,1626192
13,1610612749,2019,00,Kyle Korver,26,G-F,6-7,212,"MAR 17, 1981",39.0,16,Creighton,2594
14,1610612749,2019,00,Giannis Antetokounmpo,34,F,6-11,242,"DEC 06, 1994",25.0,6, ,203507
15,1610612749,2019,00,Robin Lopez,42,C,7-0,281,"APR 01, 1988",32.0,11,Stanford,201577
16,1610612749,2019,00,Thanasis Antetokounmpo,43,F,6-6,219,"JUL 18, 1992",27.0,1, ,203648
0,1610612750,2019,00,D'Angelo Russell,0,G,6-4,193,"FEB 23, 1996",24.0,4,Ohio State,1626156
1,1610612750,2019,00,Evan Turner,1,G-F,6-6,220,"OCT 27, 1988",31.0,9,Ohio State,202323
2,1610612750,2019,00,Jarred Vanderbilt,3,F,6-9,214,"APR 03, 1999",21.0,1,Kentucky,1629020
3,1610612750,2019,00,Jaylen Nowell,4,G,6-4,201,"JUL 09, 1999",20.0,R,Washington,1629669
4,1610612750,2019,00,Malik Beasley,5,G,6-4,187,"NOV 26, 1996",23.0,3,Florida State,1627736
5,1610612750,2019,00,Jordan McLaughlin,6,G,5-11,185,"APR 09, 1996",24.0,R,USC,1629162
6,1610612750,2019,00,Jake Layman,10,F,6-8,209,"MAR 07, 1994",26.0,3,Maryland,1627774
7,1610612750,2019,00,Naz Reid,11,C-F,6-9,264,"AUG 26, 1999",20.0,R,Louisiana State,1629675
8,1610612750,2019,00,Jacob Evans,12,G-F,6-4,210,"JUN 18, 1997",22.0,1,Cincinnati,1628980
9,1610612750,2019,00,Omari Spellman,14,F,6-8,245,"JUL 21, 1997",22.0,1,Villanova,1629016
10,1610612750,2019,00,James Johnson,16,F,6-7,240,"FEB 20, 1987",33.0,10,Wake Forest,201949
11,1610612750,2019,00,Josh Okogie,20,G,6-4,213,"SEP 01, 1998",21.0,1,Georgia Institute of Technology,1629006
12,1610612750,2019,00,Jarrett Culver,23,G-F,6-6,195,"FEB 20, 1999",21.0,R,Texas Tech,1629633
13,1610612750,2019,00,Kelan Martin,30,F,6-5,230,"AUG 03, 1995",24.0,R,Butler,1629103
14,1610612750,2019,00,Karl-Anthony Towns,32,C-F,6-11,248,"NOV 15, 1995",24.0,4,Kentucky,1626157
15,1610612750,2019,00,Juancho Hernangomez,41,F,6-9,214,"SEP 28, 1995",24.0,3, ,1627823
0,1610612740,2019,00,Nickeil Alexander-Walker,0,G,6-5,205,"SEP 02, 1998",21.0,R,Virginia Tech,1629638
1,1610612740,2019,00,Zion Williamson,1,F,6-6,284,"JUL 06, 2000",19.0,R,Duke,1629627
2,1610612740,2019,00,Lonzo Ball,2,G,6-6,190,"OCT 27, 1997",22.0,2,UCLA,1628366
3,1610612740,2019,00,Josh Hart,3,G,6-5,215,"MAR 06, 1995",25.0,2,Villanova,1628404
4,1610612740,2019,00,JJ Redick,4,G,6-3,200,"JUN 24, 1984",35.0,13,Duke,200755
5,1610612740,2019,00,Josh Gray,5,G,6-0,180,"SEP 09, 1993",26.0,1,Louisiana State,1627982
6,1610612740,2019,00,Jahlil Okafor,9,C-F,6-10,270,"DEC 15, 1995",24.0,4,Duke,1626143
7,1610612740,2019,00,Jaxson Hayes,10,C-F,6-11,220,"MAY 23, 2000",19.0,R,Texas,1629637
8,1610612740,2019,00,Jrue Holiday,11,G,6-3,205,"JUN 12, 1990",29.0,10,UCLA,201950
9,1610612740,2019,00,Brandon Ingram,14,F,6-7,190,"SEP 02, 1997",22.0,3,Duke,1627742
10,1610612740,2019,00,Frank Jackson,15,G,6-3,205,"MAY 04, 1998",21.0,1,Duke,1628402
11,1610612740,2019,00,Nicolo Melli,20,F,6-9,236,"JAN 26, 1991",29.0,R, ,1629740
12,1610612740,2019,00,Darius Miller,21,F,6-6,225,"MAR 21, 1990",30.0,5,Kentucky,203121
13,1610612740,2019,00,Derrick Favors,22,F,6-9,265,"JUL 15, 1991",28.0,9,Georgia Tech,202324
14,1610612740,2019,00,Kenrich Williams,34,G-F,6-6,210,"DEC 02, 1994",25.0,1,Texas Christian,1629026
15,1610612740,2019,00,Zylan Cheatham,45,F,6-5,220,"NOV 17, 1995",24.0,R,Arizona State,1629597
16,1610612740,2019,00,E'Twaun Moore,55,G,6-3,191,"FEB 25, 1989",31.0,8,Purdue,202734
0,1610612752,2019,00,Kadeem Allen,0,G,6-1,200,"JAN 15, 1993",27.0,2,Arizona,1628443
1,1610612752,2019,00,Bobby Portis,1,F,6-10,250,"FEB 10, 1995",25.0,4,Arkansas,1626171
2,1610612752,2019,00,Wayne Ellington,2,G,6-4,207,"NOV 29, 1987",32.0,10,North Carolina,201961
3,1610612752,2019,00,Maurice Harkless,3,F-G,6-7,220,"MAY 11, 1993",26.0,7,"St. John's, N.Y.",203090
4,1610612752,2019,00,Dennis Smith Jr.,5,G,6-2,205,"NOV 25, 1997",22.0,2,North Carolina State,1628372
5,1610612752,2019,00,Elfrid Payton,6,G,6-3,195,"FEB 22, 1994",26.0,5,Louisana-Lafayette,203901
6,1610612752,2019,00,RJ Barrett,9,F-G,6-6,214,"JUN 14, 2000",19.0,R,Duke,1629628
7,1610612752,2019,00,Frank Ntilikina,11,G,6-4,200,"JUL 28, 1998",21.0,2, ,1628373
8,1610612752,2019,00,Allonzo Trier,14,G,6-4,200,"JAN 17, 1996",24.0,1,Arizona,1629019
9,1610612752,2019,00,Ignas Brazdeikis,17,F,6-6,221,"JAN 08, 1999",21.0,R,Michigan,1629649
10,1610612752,2019,00,Kevin Knox II,20,F,6-7,215,"AUG 11, 1999",20.0,1,Kentucky,1628995
11,1610612752,2019,00,Damyean Dotson,21,G,6-5,210,"MAY 06, 1994",25.0,2,Houston,1628422
12,1610612752,2019,00,Mitchell Robinson,23,C-F,7-0,240,"APR 01, 1998",22.0,1,Western Kentucky,1629011
13,1610612752,2019,00,Reggie Bullock,25,G-F,6-6,205,"MAR 16, 1991",29.0,6,North Carolina,203493
14,1610612752,2019,00,Julius Randle,30,F-C,6-8,250,"NOV 29, 1994",25.0,5,Kentucky,203944
15,1610612752,2019,00,Kenny Wooten,45,F,6-8,235,"APR 17, 1998",22.0,R,Oregon,1629624
16,1610612752,2019,00,Taj Gibson,67,F,6-9,232,"JUN 24, 1985",34.0,10,USC,201959
0,1610612760,2019,00,Shai Gilgeous-Alexander,2,G-F,6-5,180,"JUL 12, 1998",21.0,1,Kentucky,1628983
1,1610612760,2019,00,Chris Paul,3,G,6-1,175,"MAY 06, 1985",34.0,14,Wake Forest,101108
2,1610612760,2019,00,Luguentz Dort,5,G,6-3,215,"APR 19, 1999",21.0,R,Arizona State,1629652
3,1610612760,2019,00,Hamidou Diallo,6,G,6-5,202,"JUL 31, 1998",21.0,1,Kentucky,1628977
4,1610612760,2019,00,Darius Bazley,7,F-G,6-8,208,"JUN 12, 2000",19.0,R, ,1629647
5,1610612760,2019,00,Danilo Gallinari,8,F,6-10,233,"AUG 08, 1988",31.0,10, ,201568
6,1610612760,2019,00,Nerlens Noel,9,C-F,6-10,220,"APR 10, 1994",26.0,5,Kentucky,203457
7,1610612760,2019,00,Abdel Nader,11,F,6-5,225,"SEP 25, 1993",26.0,2,Iowa State,1627846
8,1610612760,2019,00,Steven Adams,12,C,6-11,265,"JUL 20, 1993",26.0,6,Pittsburgh,203500
9,1610612760,2019,00,Kevin Hervey,15,F,6-9,230,"JUL 09, 1996",23.0,R,Texas-Arlington,1628987
10,1610612760,2019,00,Dennis Schroder,17,G,6-1,172,"SEP 15, 1993",26.0,6, ,203471
11,1610612760,2019,00,Andre Roberson,21,G-F,6-7,210,"DEC 04, 1991",28.0,5,Colorado,203460
12,1610612760,2019,00,Isaiah Roby,22,F,6-8,230,"FEB 03, 1998",22.0,R,University of Nebraska-Lincoln,1629676
13,1610612760,2019,00,Terrance Ferguson,23,G,6-6,190,"MAY 17, 1998",21.0,2, ,1628390
14,1610612760,2019,00,Deonte Burton,30,G-F,6-4,240,"JAN 31, 1994",26.0,1,Iowa State,1629126
15,1610612760,2019,00,Mike Muscala,33,F-C,6-10,240,"JUL 01, 1991",28.0,6,Bucknell,203488
0,1610612753,2019,00,Aaron Gordon,00,F,6-8,235,"SEP 16, 1995",24.0,5,Arizona,203932
1,1610612753,2019,00,Jonathan Isaac,1,F,6-11,230,"OCT 03, 1997",22.0,2,Florida State,1628371
2,1610612753,2019,00,Al-Farouq Aminu,2,F,6-8,220,"SEP 21, 1990",29.0,9,Wake Forest,202329
3,1610612753,2019,00,Mo Bamba,5,C,7-0,231,"MAY 12, 1998",21.0,1,University of Texas at Austin,1628964
4,1610612753,2019,00,Michael Carter-Williams,7,G,6-5,190,"OCT 10, 1991",28.0,6,Syracuse,203487
5,1610612753,2019,00,Nikola Vucevic,9,C,6-11,260,"OCT 24, 1990",29.0,8,USC,202696
6,1610612753,2019,00,Evan Fournier,10,G-F,6-7,205,"OCT 29, 1992",27.0,7, ,203095
7,1610612753,2019,00,James Ennis III,11,F,6-6,215,"JUL 01, 1990",29.0,5,Cal State-Long Beach,203516
8,1610612753,2019,00,Gary Clark,12,F,6-6,225,"NOV 16, 1994",25.0,1,Cincinnati,1629109
9,1610612753,2019,00,BJ Johnson,13,F,6-7,200,"DEC 21, 1995",24.0,1,La Salle,1629168
10,1610612753,2019,00,D.J. Augustin,14,G,5-11,183,"NOV 10, 1987",32.0,11,Texas,201571
11,1610612753,2019,00,Markelle Fultz,20,G,6-3,209,"MAY 29, 1998",21.0,2,Washington,1628365
12,1610612753,2019,00,Vic Law,23,F,6-7,201,"DEC 19, 1995",24.0,R,Northwestern,1629724
13,1610612753,2019,00,Khem Birch,24,C,6-9,233,"SEP 28, 1992",27.0,2,UNLV,203920
14,1610612753,2019,00,Wes Iwundu,25,F,6-6,195,"DEC 20, 1994",25.0,2,Kansas State,1628411
15,1610612753,2019,00,Terrence Ross,31,G-F,6-6,206,"FEB 05, 1991",29.0,7,Washington,203082
16,1610612753,2019,00,Melvin Frazier Jr.,35,G-F,6-5,215,"AUG 30, 1996",23.0,1,Tulane,1628982
0,1610612755,2019,00,Josh Richardson,0,G,6-5,200,"SEP 15, 1993",26.0,4,Tennessee,1626196
1,1610612755,2019,00,Mike Scott,1,F,6-7,237,"JUL 16, 1988",31.0,7,Virginia,203118
2,1610612755,2019,00,Zhaire Smith,5,G,6-3,205,"JUN 04, 1999",20.0,1,Texas Tech,1629015
3,1610612755,2019,00,Kyle O'Quinn,9,C-F,6-9,250,"MAR 26, 1990",30.0,7,Norfolk State,203124
4,1610612755,2019,00,Tobias Harris,12,F,6-8,226,"JUL 15, 1992",27.0,8,Tennessee,202699
5,1610612755,2019,00,Norvel Pelle,14,F,6-10,231,"FEB 03, 1993",27.0,R,Iona,203658
6,1610612755,2019,00,Shake Milton,18,G-F,6-5,205,"SEP 26, 1996",23.0,1,Southern Methodist,1629003
7,1610612755,2019,00,Raul Neto,19,G,6-1,180,"MAY 19, 1992",27.0,4, ,203526
8,1610612755,2019,00,Alec Burks,20,G,6-6,214,"JUL 20, 1991",28.0,8,Colorado,202692
9,1610612755,2019,00,Joel Embiid,21,C-F,7-0,280,"MAR 16, 1994",26.0,3,Kansas,203954
10,1610612755,2019,00,Glenn Robinson III,22,F,6-6,222,"JAN 08, 1994",26.0,5,Michigan,203922
11,1610612755,2019,00,Matisse Thybulle,22,G-F,6-5,201,"MAR 04, 1997",23.0,R,Washington,1629680
12,1610612755,2019,00,Ben Simmons,25,G-F,6-10,240,"JUL 20, 1996",23.0,2,Louisiana State,1627732
13,1610612755,2019,00,Furkan Korkmaz,30,G-F,6-7,202,"JUL 24, 1997",22.0,2, ,1627788
14,1610612755,2019,00,Marial Shayok,35,G-F,6-5,198,"JUL 26, 1995",24.0,R,Iowa State,1629621
15,1610612755,2019,00,Al Horford,42,C-F,6-9,240,"JUN 03, 1986",33.0,12,Florida,201143
0,1610612756,2019,00,Jalen Lecque,0,G,6-4,185,"JUN 13, 2000",19.0,R, ,1629665
1,1610612756,2019,00,Devin Booker,1,G,6-5,206,"OCT 30, 1996",23.0,4,Kentucky,1626164
2,1610612756,2019,00,Elie Okobo,2,F-G,6-3,190,"OCT 23, 1997",22.0,1, ,1629059
3,1610612756,2019,00,Kelly Oubre Jr.,3,F-G,6-7,203,"DEC 09, 1995",24.0,4,Kansas,1626162
4,1610612756,2019,00,Jevon Carter,4,G,6-1,200,"SEP 14, 1995",24.0,1,West Virginia,1628975
5,1610612756,2019,00,Frank Kaminsky,8,F-C,7-0,240,"APR 04, 1993",27.0,4,Wisconsin,1626163
6,1610612756,2019,00,Ty Jerome,10,G-F,6-5,195,"JUL 08, 1997",22.0,R,Virginia,1629660
7,1610612756,2019,00,Ricky Rubio,11,G,6-3,190,"OCT 21, 1990",29.0,8, ,201937
8,1610612756,2019,00,Jared Harper,12,G,5-10,175,"SEP 14, 1997",22.0,R,Auburn,1629607
9,1610612756,2019,00,Cheick Diallo,14,F-C,6-8,219,"SEP 13, 1996",23.0,3,Kansas,1627767
10,1610612756,2019,00,Dario Saric,20,F,6-10,225,"APR 08, 1994",26.0,3, ,203967
11,1610612756,2019,00,Deandre Ayton,22,C,6-11,250,"JUL 23, 1998",21.0,1,Arizona,1629028
12,1610612756,2019,00,Cameron Johnson,23,F,6-8,210,"MAR 03, 1996",24.0,R,North Carolina,1629661
13,1610612756,2019,00,Mikal Bridges,25,F,6-6,209,"AUG 30, 1996",23.0,1,Villanova,1628969
14,1610612756,2019,00,Tariq Owens,41,F,6-10,205,"JUN 30, 1995",24.0,R,Texas Tech,1629745
15,1610612756,2019,00,Aron Baynes,46,C-F,6-10,260,"DEC 09, 1986",33.0,7,Washington State,203382
0,1610612757,2019,00,Carmelo Anthony,00,F,6-8,238,"MAY 29, 1984",35.0,16,Syracuse,2546
1,1610612757,2019,00,Damian Lillard,0,G,6-2,195,"JUL 15, 1990",29.0,7,Weber State,203081
2,1610612757,2019,00,Anfernee Simons,1,G,6-3,181,"JUN 08, 1999",20.0,1, ,1629014
3,1610612757,2019,00,Gary Trent Jr.,2,G-F,6-5,209,"JAN 18, 1999",21.0,1,Duke,1629018
4,1610612757,2019,00,CJ McCollum,3,G,6-3,190,"SEP 19, 1991",28.0,6,Lehigh,203468
5,1610612757,2019,00,Moses Brown,4,C,7-2,245,"OCT 13, 1999",20.0,R,UCLA,1629650
6,1610612757,2019,00,Rodney Hood,5,G-F,6-8,208,"OCT 20, 1992",27.0,5,Duke,203918
7,1610612757,2019,00,Jaylen Hoard,6,F,6-8,216,"MAR 30, 1999",21.0,R,Wake Forest,1629658
8,1610612757,2019,00,Trevor Ariza,8,F,6-8,215,"JUN 30, 1985",34.0,15,UCLA,2772
9,1610612757,2019,00,Nassir Little,9,F-G,6-5,220,"FEB 11, 2000",20.0,R,North Carolina,1629642
10,1610612757,2019,00,Hassan Whiteside,21,C,7-0,265,"JUN 13, 1989",30.0,7,Marshall,202355
11,1610612757,2019,00,Jusuf Nurkic,27,C,7-0,290,"AUG 23, 1994",25.0,5, ,203994
12,1610612757,2019,00,Zach Collins,33,F-C,6-11,250,"NOV 19, 1997",22.0,2,Gonzaga,1628380
13,1610612757,2019,00,Wenyen Gabriel,35,F,6-9,205,"MAR 26, 1997",23.0,R,Kentucky,1629117
14,1610612757,2019,00,Mario Hezonja,44,F-G,6-8,220,"FEB 25, 1995",25.0,4, ,1626209
15,1610612757,2019,00,Caleb Swanigan,50,F,6-9,260,"APR 18, 1997",23.0,2,Purdue,1628403
0,1610612758,2019,00,Yogi Ferrell,3,G,6-0,178,"MAY 09, 1993",26.0,3,Indiana,1627812
1,1610612758,2019,00,De'Aaron Fox,5,G,6-3,185,"DEC 20, 1997",22.0,2,Kentucky,1628368
2,1610612758,2019,00,Kyle Guy,7,G,6-1,167,"AUG 11, 1997",22.0,R,Virginia,1629657
3,1610612758,2019,00,Bogdan Bogdanovic,8,G,6-6,220,"AUG 18, 1992",27.0,2, ,203992
4,1610612758,2019,00,Cory Joseph,9,G,6-3,200,"AUG 20, 1991",28.0,8,Texas,202709
5,1610612758,2019,00,Justin James,10,G-F,6-7,190,"JAN 24, 1997",23.0,R,Wyoming,1629713
6,1610612758,2019,00,DaQuan Jeffries,19,G-F,6-5,230,"AUG 30, 1997",22.0,R,Tulsa,1629610
7,1610612758,2019,00,Harry Giles III,20,F-C,6-11,240,"APR 22, 1998",21.0,1,Duke,1628385
8,1610612758,2019,00,Richaun Holmes,22,F,6-10,235,"OCT 15, 1993",26.0,4,Bowling Green,1626158
9,1610612758,2019,00,Buddy Hield,24,G,6-4,220,"DEC 17, 1992",27.0,3,Oklahoma,1627741
10,1610612758,2019,00,Alex Len,25,C,7-0,250,"JUN 16, 1993",26.0,6,Maryland,203458
11,1610612758,2019,00,Kent Bazemore,26,G-F,6-4,195,"JUL 01, 1989",30.0,7,Old Dominion,203145
12,1610612758,2019,00,Jabari Parker,33,F,6-8,245,"MAR 15, 1995",25.0,5,Duke,203953
13,1610612758,2019,00,Marvin Bagley III,35,F,6-11,235,"MAR 14, 1999",21.0,1,Duke,1628963
14,1610612758,2019,00,Harrison Barnes,40,F,6-8,225,"MAY 30, 1992",27.0,7,North Carolina,203084
15,1610612758,2019,00,Nemanja Bjelica,88,F,6-10,234,"MAY 09, 1988",31.0,4, ,202357
0,1610612759,2019,00,Lonnie Walker IV,1,G-F,6-5,204,"DEC 14, 1998",21.0,1,Miami,1629022
1,1610612759,2019,00,Keldon Johnson,3,F-G,6-5,220,"OCT 11, 1999",20.0,R,Kentucky,1629640
2,1610612759,2019,00,Derrick White,4,G,6-4,190,"JUL 02, 1994",25.0,2,Colorado,1628401
3,1610612759,2019,00,Dejounte Murray,5,G,6-4,180,"SEP 19, 1996",23.0,2,Washington,1627749
4,1610612759,2019,00,Chimezie Metu,7,F-C,6-9,225,"MAR 22, 1997",23.0,1,USC,1629002
5,1610612759,2019,00,Patty Mills,8,G,6-1,180,"AUG 11, 1988",31.0,10,St. Mary's (CA),201988
6,1610612759,2019,00,DeMar DeRozan,10,G-F,6-6,220,"AUG 07, 1989",30.0,10,USC,201942
7,1610612759,2019,00,Bryn Forbes,11,G,6-2,205,"JUL 23, 1993",26.0,3,Michigan State,1627854
8,1610612759,2019,00,LaMarcus Aldridge,12,C-F,6-11,250,"JUL 19, 1985",34.0,13,Texas,200746
9,1610612759,2019,00,Drew Eubanks,14,F-C,6-9,245,"FEB 01, 1997",23.0,1,Oregon State,1629234
10,1610612759,2019,00,Quinndary Weatherspoon,15,G,6-3,205,"SEP 10, 1996",23.0,R,Mississippi State,1629683
11,1610612759,2019,00,Marco Belinelli,18,G,6-5,220,"MAR 25, 1986",34.0,12, ,201158
12,1610612759,2019,00,Luka Samanic,19,F,6-10,227,"JAN 09, 2000",20.0,R, ,1629677
13,1610612759,2019,00,Rudy Gay,22,F-G,6-8,250,"AUG 17, 1986",33.0,13,Connecticut,200752
14,1610612759,2019,00,Jakob Poeltl,25,C,7-1,245,"OCT 15, 1995",24.0,3,Utah,1627751
15,1610612759,2019,00,Trey Lyles,41,F,6-9,234,"NOV 05, 1995",24.0,4,Kentucky,1626168
0,1610612761,2019,00,Terence Davis,0,G,6-4,201,"MAY 16, 1997",22.0,R,Mississippi,1629056
1,1610612761,2019,00,Paul Watson,1,G,6-6,210,"DEC 30, 1994",25.0,R,Fresno State,1628778
2,1610612761,2019,00,OG Anunoby,3,F,6-7,232,"JUL 17, 1997",22.0,2,Indiana,1628384
3,1610612761,2019,00,Rondae Hollis-Jefferson,4,F,6-6,217,"JAN 03, 1995",25.0,4,Arizona,1626178
4,1610612761,2019,00,Stanley Johnson,5,F-G,6-6,242,"MAY 29, 1996",23.0,4,Arizona,1626169
5,1610612761,2019,00,Kyle Lowry,7,G,6-0,196,"MAR 25, 1986",34.0,13,Villanova,200768
6,1610612761,2019,00,Serge Ibaka,9,F,7-0,235,"SEP 18, 1989",30.0,10, ,201586
7,1610612761,2019,00,Oshae Brissett,12,F-G,6-7,210,"JUN 20, 1998",21.0,R,Syracuse,1629052
8,1610612761,2019,00,Malcolm Miller,13,G-F,6-7,210,"MAR 06, 1993",27.0,2,Holy Cross,1626259
9,1610612761,2019,00,Dewan Hernandez,20,C-F,6-10,235,"DEC 09, 1996",23.0,R,Miami,1629608
10,1610612761,2019,00,Matt Thomas,21,G,6-4,190,"AUG 04, 1994",25.0,R,Iowa State,1629744
11,1610612761,2019,00,Patrick McCaw,22,G,6-7,181,"OCT 25, 1995",24.0,3,UNLV,1627775
12,1610612761,2019,00,Fred VanVleet,23,G,6-1,197,"FEB 25, 1994",26.0,3,Wichita State,1627832
13,1610612761,2019,00,Norman Powell,24,G,6-3,215,"MAY 25, 1993",26.0,4,UCLA,1626181
14,1610612761,2019,00,Chris Boucher,25,F-C,6-9,200,"JAN 11, 1993",27.0,2,Oregon,1628449
15,1610612761,2019,00,Marc Gasol,33,C,6-11,255,"JAN 29, 1985",35.0,11, ,201188
16,1610612761,2019,00,Pascal Siakam,43,F,6-9,230,"APR 02, 1994",26.0,3,New Mexico State,1627783
0,1610612762,2019,00,Jordan Clarkson,00,G,6-4,194,"JUN 07, 1992",27.0,5,Missouri,203903
1,1610612762,2019,00,Nigel Williams-Goss,0,G,6-2,190,"SEP 16, 1994",25.0,R,Gonzaga,1628430
2,1610612762,2019,00,Joe Ingles,2,F-G,6-7,220,"OCT 02, 1987",32.0,5, ,204060
3,1610612762,2019,00,Justin Wright-Foreman,3,G,6-0,190,"OCT 27, 1997",22.0,R,Hofstra,1629625
4,1610612762,2019,00,Jarrell Brantley,5,F,6-5,250,"JUN 07, 1996",23.0,R,College of Charleston,1629714
5,1610612762,2019,00,Rayjon Tucker,6,G,6-3,209,"SEP 24, 1997",22.0,R,Arkansas-Little Rock,1629730
6,1610612762,2019,00,Mike Conley,10,G,6-1,175,"OCT 11, 1987",32.0,12,Ohio State,201144
7,1610612762,2019,00,Tony Bradley,13,C-F,6-10,248,"JAN 08, 1998",22.0,2,North Carolina,1628396
8,1610612762,2019,00,Emmanuel Mudiay,15,G,6-3,200,"MAR 05, 1996",24.0,4, ,1626144
9,1610612762,2019,00,Juwan Morgan,16,F,6-7,232,"APR 17, 1997",23.0,R,Indiana,1629752
10,1610612762,2019,00,Ed Davis,17,C-F,6-9,218,"JUN 05, 1989",30.0,9,North Carolina,202334
11,1610612762,2019,00,Royce O'Neale,23,F,6-4,226,"JUN 05, 1993",26.0,2,Baylor,1626220
12,1610612762,2019,00,Rudy Gobert,27,C,7-1,258,"JUN 26, 1992",27.0,6,France,203497
13,1610612762,2019,00,Georges Niang,31,F,6-7,230,"JUN 17, 1993",26.0,3,Iowa State,1627777
14,1610612762,2019,00,Bojan Bogdanovic,44,F,6-8,226,"APR 18, 1989",31.0,5, ,202711
15,1610612762,2019,00,Donovan Mitchell,45,G,6-1,215,"SEP 07, 1996",23.0,2,Louisville,1628378
16,1610612762,2019,00,Miye Oni,81,G-F,6-5,206,"AUG 04, 1997",22.0,R,Yale,1629671
0,1610612764,2019,00,Admiral Schofield,1,G-F,6-5,241,"MAR 30, 1997",23.0,R,Tennessee,1629678
1,1610612764,2019,00,John Wall,2,G,6-4,210,"SEP 06, 1990",29.0,9,Kentucky,202322
2,1610612764,2019,00,Bradley Beal,3,G,6-3,207,"JUN 28, 1993",26.0,7,Florida,203078
3,1610612764,2019,00,Gary Payton II,4,G,6-3,195,"DEC 01, 1992",27.0,3,Oregon State,1627780
4,1610612764,2019,00,Shabazz Napier,5,G,6-0,175,"JUL 14, 1991",28.0,5,Connecticut,203894
5,1610612764,2019,00,Troy Brown Jr.,6,G-F,6-6,215,"JUL 28, 1999",20.0,1,Oregon,1628972
6,1610612764,2019,00,Rui Hachimura,8,F,6-8,230,"FEB 08, 1998",22.0,R,Gonzaga,1629060
7,1610612764,2019,00,Jerome Robinson,12,G,6-4,190,"FEB 22, 1997",23.0,1,Boston College,1629010
8,1610612764,2019,00,Thomas Bryant,13,C-F,6-10,248,"JUL 31, 1997",22.0,2,Indiana,1628418
9,1610612764,2019,00,Ish Smith,14,G,6-0,175,"JUL 05, 1988",31.0,9,Wake Forest,202397
10,1610612764,2019,00,Isaac Bonga,17,G,6-8,180,"NOV 08, 1999",20.0,1, ,1629067
11,1610612764,2019,00,Anzejs Pasecniks,18,C-F,7-2,229,"DEC 20, 1995",24.0,R, ,1628394
12,1610612764,2019,00,Johnathan Williams,19,F,6-9,228,"MAY 22, 1995",24.0,1,Gonzaga,1629140
13,1610612764,2019,00,Moritz Wagner,21,F-C,6-11,245,"APR 26, 1997",22.0,1,Michigan,1629021
14,1610612764,2019,00,Garrison Mathews,24,G,6-5,215,"OCT 24, 1996",23.0,R,Lipscomb,1629726
15,1610612764,2019,00,Ian Mahinmi,28,C,6-11,262,"NOV 05, 1986",33.0,11, ,101133
16,1610612764,2019,00,Davis Bertans,42,F,6-10,225,"NOV 12, 1992",27.0,3, ,202722
